slug,tag_name,yr,attendance,fullname,administrator_id
2011-11-07-toronto,SWC,2011,22,University of Toronto,297
2012-01-18-stsci,SWC,2012,14,Space Telescope Science Institute,173
2012-02-20-itcp,SWC,2012,50,International Centre for Theoretical Physics,306
2012-02-23-toronto,SWC,2012,28,University of Toronto,297
2012-03-07-indiana,SWC,2012,39,Indiana University,173
2012-03-26-mbari,SWC,2012,38,Monterey Bay Aquarium Research Institute,173
2012-03-28-nersc,SWC,2012,35,NERSC,173
2012-04-02-chicago,SWC,2012,35,University of Chicago,173
2012-04-14-utahstate,SWC,2012,32,Utah State University,173
2012-04-30-ucl,SWC,2012,44,University College London,278
2012-05-07-michiganstate,SWC,2012,55,Michigan State University,173
2012-05-14-newcastle,SWC,2012,41,University of Newcastle,278
2012-05-16-alberta,SWC,2012,38,University of Alberta,297
2012-05-22-ubc,SWC,2012,39,University of British Columbia,297
2012-06-18-jhu,SWC,2012,20,Johns Hopkins University,173
2012-06-28-inria,SWC,2012,28,INRIA (Paris),306
2012-07-09-mit,SWC,2012,36,Massachusetts Institute of Technology,173
2012-07-10-ral,SWC,2012,24,Science & Technology Facilities Council,278
2012-07-12-waterloo,SWC,2012,40,University of Waterloo,297
2012-07-16-halifax,SWC,2012,40,Saint Mary's University,297
2012-07-19-utsc,SWC,2012,39,University of Toronto (Scarborough),297
2012-08-26-ttt-online,"TTT,online",2012,20,Software Carpentry,173
2012-09-13-dafx,SWC,2012,33,DAFX Conference,278
2012-09-17-oslo,SWC,2012,34,University of Oslo,306
2012-09-28-columbia,SWC,2012,39,Columbia University,173
2012-10-08-purdue,SWC,2012,42,Purdue University,173
2012-10-11-ttt-online,"TTT,online",2012,25,Software Carpentry,173
2012-10-17-lbl,SWC,2012,40,Lawrence Berkeley National Laboratory,173
2012-10-18-ubc,SWC,2012,62,University of British Columbia,297
2012-10-20-ucb,SWC,2012,29,University of California Berkeley,173
2012-10-22-newcastle,SWC,2012,31,University of Newcastle,278
2012-10-23-caltech,SWC,2012,34,California Institute of Technology,173
2012-10-25-gmu,SWC,2012,7,George Mason University,173
2012-10-30-oxford,SWC,2012,19,University of Oxford,278
2012-11-08-mcmaster,SWC,2012,31,McMaster University,297
2012-11-10-wustl,SWC,2012,21,Washington University in St. Louis,173
2012-11-15-scripps,SWC,2012,39,Scripps Institute,173
2012-11-28-unc,SWC,2012,41,University of North Carolina,173
2012-11-30-hawaii,SWC,2012,46,University of Hawaii,173
2012-12-04-edinburgh,SWC,2012,36,University of Edinburgh,278
2012-12-10-uta,SWC,2012,79,University of Texas (Austin),173
2013-01-06-ttt-online,"TTT,online",2013,12,Software Carpentry,173
2013-01-11-ubc,SWC,2013,18,University of British Columbia,297
2013-01-12-chicago,SWC,2013,54,University of Chicago,173
2013-01-12-mcgill,SWC,2013,40,McGill University,297
2013-01-12-waterloo,SWC,2013,24,University of Waterloo,297
2013-01-21-ubc,SWC,2013,24,University of British Columbia,297
2013-01-22-tum,SWC,2013,25,Technical University Munich,306
2013-01-24-camh,SWC,2013,28,Centre for Addiction and Mental Health,297
2013-01-25-tuebingen,SWC,2013,40,Max Planck Institute Tuebingen,306
2013-01-30-columbia,SWC,2013,133,Columbia University,173
2013-01-31-vt,SWC,2013,35,Virginia Tech,173
2013-02-05-ubc,SWC,2013,30,University of British Columbia,297
2013-02-06-qmul,SWC,2013,27,Queen Mary University London,278
2013-02-07-macquarie,SWC,2013,38,Macquarie University,173
2013-02-14-amos,SWC,2013,68,AMOS Conference (Melbourne),173
2013-02-25-uwash,SWC,2013,92,University of Washington,173
2013-03-04-lbl,SWC,2013,60,Lawrence Berkeley National Laboratory,173
2013-03-07-virginia,SWC,2013,34,University of Virginia,173
2013-03-12-ttt-online,"TTT,online",2013,27,Software Carpentry,173
2013-03-20-aub,SWC,2013,25,American University in Beirut,173
2013-03-23-utahstate,SWC,2013,36,Utah State University,173
2013-03-24-kaust,SWC,2013,20,King Abdullah University of Science and Technology,173
2013-04-04-arizona,SWC,2013,35,University of Arizona,173
2013-04-04-ucl,SWC,2013,31,University College London,278
2013-04-08-stellenbosch,SWC,2013,10,Stellenbosch University,173
2013-04-11-egi,SWC,2013,20,European Grid Infrastructure,278
2013-04-13-ucb,SWC,2013,24,University of California Berkeley,173
2013-04-18-manchester,SWC,2013,28,University of Manchester,278
2013-04-20-paris,SWC,2013,25,Telecom ParisTech,306
2013-04-27-umaryland,SWC,2013,15,University of Maryland,173
2013-04-29-wisc,SWC,2013,30,University of Wisconsin - Madison,173
2013-05-02-vu,SWC,2013,39,Vrije Universiteit,306
2013-05-06-geomar,SWC,2013,32,GEOMAR (Kiel),306
2013-05-06-hhmi,SWC,2013,35,Howard Hughes Medical Institute,173
2013-05-06-stanford,SWC,2013,50,Stanford University,173
2013-05-09-lbl,SWC,2013,24,Lawrence Berkeley National Laboratory,173
2013-05-09-mozilla,SWC,2013,28,Mozilla Foundation,297
2013-05-09-oxford,SWC,2013,33,University of Oxford,278
2013-05-12-ttt-online,"TTT,online",2013,45,Software Carpentry,173
2013-05-13-ucdavis,SWC,2013,36,University of California Davis,173
2013-05-16-nescent,SWC,2013,12,NESCENT,173
2013-05-18-krakow,SWC,2013,28,Jagiellonian University,306
2013-05-20-duke,SWC,2013,40,Duke University,173
2013-05-23-ucar,SWC,2013,16,University Corporation for Atmospheric Research,173
2013-05-23-umass,SWC,2013,39,University of Massachusetts,173
2013-05-30-alberta,SWC,2013,37,University of Alberta,297
2013-06-03-southampton,SWC,2013,48,University of Southampton,278
2013-06-03-tufts,SWC,2013,52,Tufts University,173
2013-06-04-dssg,SWC,2013,43,University of Chicago,173
2013-06-06-sfu,SWC,2013,37,Simon Fraser University,297
2013-06-10-salk,SWC,2013,36,Salk Institute,173
2013-06-17-chicago,SWC,2013,44,University of Chicago,173
2013-06-24-wise,"WiSE,SWC",2013,118,Software Carpentry,173
2013-06-25-scipy,SWC,2013,25,SciPy Conference,173
2013-07-01-christchurch,SWC,2013,19,New Zealand eScience Infrastructure,173
2013-07-01-oklahoma,SWC,2013,40,University of Oklahoma,173
2013-07-03-oslo,SWC,2013,31,University of Oslo,306
2013-07-08-wuhan,SWC,2013,24,Wuhan Institute of Virology,173
2013-07-11-indiana,SWC,2013,28,Indiana University,173
2013-07-15-bath,SWC,2013,25,University of Bath,278
2013-07-15-vt,SWC,2013,21,Virginia Tech,173
2013-07-16-cuahsi,SWC,2013,40,Utah State University,173
2013-07-18-notredame,SWC,2013,41,University of Notre Dame,173
2013-07-18-washington,SWC,2013,32,University of Washington,173
2013-07-27-cmu,SWC,2013,38,Carnegie Mellon University,173
2013-08-04-esa,SWC,2013,12,Ecological Society of America,173
2013-08-12-ttt-online,"TTT,online",2013,41,Software Carpentry,173
2013-08-22-ku,SWC,2013,41,University of Kansas,173
2013-08-23-harvard,SWC,2013,33,Harvard University,173
2013-08-27-erdc,SWC,2013,34,US Army Engineer Research and Development Center,173
2013-08-28-wisc,SWC,2013,34,University of Wisconsin - Madison,173
2013-09-05-iowa,SWC,2013,31,University of Iowa,173
2013-09-12-bristol,SWC,2013,27,University of Bristol,278
2013-09-16-ISI,SWC,2013,27,Information Sciences Institute,173
2013-09-16-stsci,SWC,2013,18,Space Telescope Science Institute,173
2013-09-19-chicago,SWC,2013,49,University of Chicago,173
2013-09-21-uwaterloo,SWC,2013,44,University of Waterloo,297
2013-09-23-msu,SWC,2013,37,Michigan State University,173
2013-09-24-acpfgA,SWC,2013,20,Australian Centre for Plant Functional Genomics,173
2013-09-26-ubc,SWC,2013,24,University of British Columbia,297
2013-09-27-ucl,SWC,2013,32,University College London,278
2013-09-30-ttt-online,"TTT,online",2013,57,Software Carpentry,173
2013-10-01-acpfgM,SWC,2013,27,Australian Centre for Plant Functional Genomics,173
2013-10-03-pasteur,SWC,2013,19,Pasteur Institute,306
2013-10-09-canberra,SWC,2013,35,Australian National University,173
2013-10-17-uic,SWC,2013,40,University of Illinois at Chicago,173
2013-10-24-greenwich,SWC,2013,36,"Greenwich Digital Enterprise, London",278
2013-10-25-columbia,SWC,2013,27,New York University,173
2013-10-29-vertpaleo,SWC,2013,8,Society of Vertebrate Paleontology,173
2013-11-14-exeter,SWC,2013,23,University of Exeter,278
2013-11-14-whoi,SWC,2013,35,Woods Hole Oceanographic Institute,173
2013-11-18-lbl,SWC,2013,32,Lawrence Berkeley National Laboratory,173
2013-11-23-berkeley,SWC,2013,20,University of California Berkeley,173
2013-11-25-unimelb,SWC,2013,36,University of Melbourne,173
2013-12-03-edinburgh,SWC,2013,34,University of Edinburgh,278
2013-12-03-sesync,SWC,2013,42,National Socio-Environmental Synthesis Center,173
2013-12-12-glasgow,SWC,2013,43,Scottish Universities Physics Alliance,278
2013-12-16-dundee,SWC,2013,32,University of Dundee,278
2014-01-06-unb,SWC,2014,20,University of New Brunswick,297
2014-01-07-cam,SWC,2014,24,University of Cambridge,278
2014-01-08-iastate,SWC,2014,64,Iowa State University,173
2014-01-13-toronto,LC,2014,21,Mozilla Foundation,297
2014-01-13-uri,SWC,2014,40,University of Rhode Island,173
2014-01-13-wisc,SWC,2014,32,University of Wisconsin - Madison,173
2014-01-14-manchester,SWC,2014,19,University of Manchester,278
2014-01-16-ttt-online,"TTT,online",2014,67,Software Carpentry,173
2014-01-18-ucb,SWC,2014,21,University of California Berkeley,173
2014-01-20-montreal,SWC,2014,26,Computer Research Institute of Montreal,297
2014-01-21-erdc,SWC,2014,26,US Army Engineer Research and Development Center,173
2014-01-27-Stanford,SWC,2014,28,Stanford University,173
2014-01-27-miami,SWC,2014,120,University of Miami,173
2014-01-30-cse,SWC,2014,28,University of Illinois at Urbana-Champaign,173
2014-01-30-mit,SWC,2014,30,Massachusetts Institute of Technology,173
2014-01-31-ucsb,SWC,2014,36,University of California Santa Barbara,173
2014-02-03-TGAC,SWC,2014,24,The Genome Analysis Centre,278
2014-02-10-hobart,SWC,2014,37,AMOS Conference (Melbourne),173
2014-02-11-toronto,SWC,2014,23,Mozilla Foundation,297
2014-02-13-UNSW,SWC,2014,38,University of New South Wales,173
2014-02-15-umkc,SWC,2014,27,University of Missouri-Kansas City,173
2014-02-18-UCL,SWC,2014,27,University College London,278
2014-02-18-UTS,SWC,2014,29,University of Technology Sydney,173
2014-02-18-aims,SWC,2014,24,African Institute of Mathematical Sciences,173
2014-02-22-SFU,SWC,2014,47,Simon Fraser University,297
2014-02-24-esac,SWC,2014,42,European Space Astronomy Centre,306
2014-02-28-ethz,SWC,2014,27,Swiss Federal Institute of Technology Zurich,306
2014-03-10-uva,SWC,2014,37,University of Virginia,173
2014-03-17-nyu,SWC,2014,70,New York University,173
2014-03-17-purdue,SWC,2014,25,Purdue University,173
2014-03-17-ucb,SWC,2014,74,University of California Berkeley,173
2014-03-17-uw,SWC,2014,74,University of Washington,173
2014-03-18-combine,SWC,2014,42,University of Melbourne,173
2014-04-02-uvic,SWC,2014,26,University of Victoria,297
2014-04-03-sdu,SWC,2014,20,University of Southern Denmark,306
2014-04-04-ou,SWC,2014,39,University of Oklahoma,173
2014-04-09-GARNET,SWC,2014,28,University of Warwick,278
2014-04-09-ucar,SWC,2014,12,University Corporation for Atmospheric Research,173
2014-04-14-pycon,SWC,2014,40,PyCon,297
2014-04-14-pycon-lib,SWC,2014,41,PyCon,297
2014-04-14-pycon-ngs,SWC,2014,39,PyCon,297
2014-04-14-pycon-r,SWC,2014,40,PyCon,297
2014-04-14-ttt-pycon,"TTT,online",2014,34,Software Carpentry,173
2014-04-14-wise,"WiSE,SWC",2014,130,Software Carpentry,173
2014-04-23-uib,SWC,2014,25,University of Bergen,306
2014-04-24-ttt-online,"TTT,online",2014,58,Software Carpentry,173
2014-04-28-ttt-mozilla,"TTT,online",2014,43,Software Carpentry,173
2014-04-29-gwu,SWC,2014,23,George Washington University,173
2014-05-05-mcmaster,SWC,2014,30,McMaster University,297
2014-05-08-datacarpentry,SWC,2014,30,NESCENT,173
2014-05-08-soton,SWC,2014,39,University of Southampton,278
2014-05-12-cshl,SWC,2014,36,Cold Spring Harbor Laboratory,173
2014-05-12-furg,SWC,2014,30,Universidade Federal do Rio Grande,173
2014-05-12-oicr-toronto,SWC,2014,15,Mozilla Foundation,297
2014-05-12-ubc,SWC,2014,16,University of British Columbia,297
2014-05-19-scilifelab,SWC,2014,54,"Science Life Lab, Stockholm",306
2014-05-19-ucl,SWC,2014,12,University College London,278
2014-05-23-csdms,SWC,2014,39,Community Surface Dynamics Modeling System,173
2014-05-29-ucsd,SWC,2014,39,Scripps Institute,173
2014-06-02-icl-geo,"SWC,unresponsive",2014,,Imperial College London,343
2014-06-02-monash,SWC,2014,36,Monash University,173
2014-06-02-ou,SWC,2014,12,University of Oklahoma,173
2014-06-03-cern,SWC,2014,31,Universita di Pisa,306
2014-06-04-cornell,SWC,2014,43,Cornell University,173
2014-06-05-ttt-online,"TTT,online",2014,29,Software Carpentry,173
2014-06-10-cyi,SWC,2014,25,Cyprus Institute,306
2014-06-10-spelman,SWC,2014,49,Spelman College,173
2014-06-11-ttt-online,"TTT,online",2014,59,Software Carpentry,173
2014-06-15-khbp,SWC,2014,34,SESAME,173
2014-06-16-claremont,SWC,2014,81,Claremont Colleges,173
2014-06-16-davis,SWC,2014,82,University of California Davis,173
2014-06-16-duke,SWC,2014,33,Duke University,173
2014-06-16-toronto,SWC,2014,38,Mozilla Foundation,297
2014-06-20-yale,SWC,2014,38,Yale University,173
2014-06-22-caims,SWC,2014,6,Canadian Applied and Industrial Mathematics Society,297
2014-06-24-ru,SWC,2014,53,Rockefeller University,173
2014-06-24-wise-penn,"WiSE,SWC",2014,54,University of Pennsylvania,173
2014-06-25-Reading,SWC,2014,27,University of Reading,278
2014-06-26-nd,SWC,2014,34,University of Notre Dame,173
2014-06-30-stanford,SWC,2014,30,Stanford University,173
2014-07-02-smu,SWC,2014,39,Saint Mary's University,297
2014-07-08-stonybrook,SWC,2014,33,Stony Brook University,173
2014-07-08-wise-toronto,"WiSE,SWC",2014,44,University of Toronto,297
2014-07-10-Nottingham,SWC,2014,25,University of Nottingham,278
2014-07-10-epl,LC,2014,23,Edmonton Public Library,297
2014-07-10-esip,SWC,2014,18,Federation of Earth Science Information Partners,173
2014-07-14-Dalhousie,SWC,2014,34,Dalhousie University,297
2014-07-15-toronto,LC,2014,28,Mozilla Foundation,297
2014-07-17-aspb,SWC,2014,38,American Society of Plant Biologists,173
2014-07-19-umich,SWC,2014,38,University of Michigan,173
2014-07-21-cranfield,SWC,2014,28,Cranfield University,278
2014-07-23-jfrc,SWC,2014,26,Howard Hughes Medical Institute,173
2014-07-24-beacon,DC,2014,35,BEACON,302
2014-07-28-stanford,SWC,2014,35,Stanford University,173
2014-07-30-pyconaus,SWC,2014,40,University of Queensland,173
2014-08-05-frf,SWC,2014,8,US Army Engineer Research and Development Center,173
2014-08-06-nypl,LC,2014,65,New York Public Library,173
2014-08-11-wustl,SWC,2014,56,Washington University in St. Louis,173
2014-08-12-vu,SWC,2014,40,Vanderbilt University,173
2014-08-14-stanford,SWC,2014,35,Stanford University,173
2014-08-18-ufrj,SWC,2014,15,Universidade Federal do Rio de Janeiro,173
2014-08-18-unimelb,SWC,2014,45,University of Melbourne,173
2014-08-21-kiel,SWC,2014,35,GEOMAR (Kiel),306
2014-08-21-upenn,SWC,2014,25,University of Pennsylvania,173
2014-08-23-ttu,SWC,2014,29,Texas Tech University,173
2014-08-25-wisc,SWC,2014,37,University of Wisconsin - Madison,173
2014-08-26-cam,SWC,2014,25,University of Cambridge,278
2014-08-28-ufrgs,SWC,2014,30,Universidade Federal do Rio Grande do Sul,173
2014-09-01-ccsl,SWC,2014,12,Centro de Competencia em Software Livre,173
2014-09-04-ccsl,SWC,2014,14,Centro de Competencia em Software Livre,173
2014-09-10-ttt-online,"TTT,online",2014,81,Software Carpentry,173
2014-09-11-udel,SWC,2014,40,University of Delaware,173
2014-09-13-uwaterloo,SWC,2014,25,University of Waterloo,297
2014-09-15-unimelb,SWC,2014,44,University of Melbourne,173
2014-09-16-imperial,SWC,2014,31,Imperial College London,278
2014-09-18-chicago,SWC,2014,40,University of Chicago,173
2014-09-22-lbl,SWC,2014,20,Lawrence Berkeley National Laboratory,173
2014-09-22-ttt-uva,"TTT,online",2014,31,Software Carpentry,173
2014-09-24-frb,SWC,2014,19,Federal Reserve Board,173
2014-09-25-ubc,SWC,2014,24,University of British Columbia,297
2014-09-27-asu,SWC,2014,35,Arizona State University,173
2014-09-29-iDigBio,DC,2014,24,iDigBio,302
2014-09-30-msu,SWC,2014,19,Michigan State University,173
2014-10-06-indiana,SWC,2014,12,Indiana University,173
2014-10-06-osu,SWC,2014,30,Ohio State,173
2014-10-06-rotman,SWC,2014,71,University of Toronto,297
2014-10-11-yale,SWC,2014,17,Yale University,173
2014-10-13-geosim,SWC,2014,28,GFZ Potsdam,306
2014-10-13-rice,SWC,2014,40,Rice University,173
2014-10-22-ttt-tgac,"TTT,online",2014,41,Software Carpentry,173
2014-10-30-utoronto,SWC,2014,24,University of Toronto,297
2014-10-31-USyd,SWC,2014,27,University of Sydney,173
2014-10-31-nw,SWC,2014,50,Northwestern University,173
2014-11-05-UCL,SWC,2014,27,University College London,278
2014-11-05-uclhep,SWC,2014,16,University College London,278
2014-11-06-UZH,SWC,2014,36,University of Zurich,306
2014-11-06-fmv,SWC,2014,21,Universite de Montreal,297
2014-11-07-harvard,SWC,2014,37,Harvard University,173
2014-11-10-manchester,SWC,2014,29,University of Manchester,278
2014-11-12-embl,SWC,2014,23,European Molecular Biology Laboratory,306
2014-11-12-ttt-washington,"TTT,online",2014,20,Software Carpentry,173
2014-11-17-liverpool,SWC,2014,30,University of Liverpool,278
2014-11-24-leeds,SWC,2014,20,University of Leeds,278
2014-11-27-elixiruk-manchester,SWC,2014,29,University of Manchester,278
2014-11-27-uct,SWC,2014,84,University of Cape Town,173
2014-12-03-edinburgh,SWC,2014,35,University of Edinburgh,278
2014-12-06-wise-krakow,SWC,2014,72,Jagiellonian University,306
2014-12-08-combine-r,SWC,2014,42,University of Melbourne,173
2014-12-11-ufsc,SWC,2014,17,Universidade Federal de Santa Catarina,173
2014-12-11-ugsupa,SWC,2014,14,University of Glasgow,278
2014-12-14-epl,LC,2014,14,Edmonton Public Library,297
2014-12-15-UChicago,SWC,2014,16,University of Chicago,173
2014-12-16-lbl,SWC,2014,27,Lawrence Berkeley National Laboratory,173
2014-12-18-yale,SWC,2014,18,Yale University,173
2015-01-03-aas,SWC,2015,27,American Astronomical Society,173
2015-01-05-wise-cuboulder,"WiSE,SWC",2015,27,University of Colorado,173
2015-01-05-wise-umich,"WiSE,SWC",2015,57,University of Michigan,173
2015-01-06-ttt-ucdavis,"TTT,online",2015,44,Software Carpentry,173
2015-01-07-instaar,SWC,2015,8,Institute of Arctic and Alpine Research,173
2015-01-08-NIH,SWC,2015,30,National Institutes of Health,173
2015-01-08-nber,SWC,2015,37,National Bureau of Economic Research,173
2015-01-08-unl,SWC,2015,40,University of Nebraska,173
2015-01-08-uoit,SWC,2015,24,University of Ontario Institute of Technology,297
2015-01-10-mcgill,SWC,2015,42,McGill University,297
2015-01-10-st_josephs,SWC,2015,6,"St. Joseph's Hospital, Phoenix AZ",173
2015-01-11-earlham,SWC,2015,58,Earlham College,173
2015-01-13-oxford,SWC,2015,28,University of Oxford,278
2015-01-13-wisc,SWC,2015,37,University of Wisconsin - Madison,173
2015-01-14-leeds,SWC,2015,22,University of Leeds,278
2015-01-14-oxford,SWC,2015,67,University of Oxford,278
2015-01-15-cornell,DC,2015,41,Cornell University,302
2015-01-15-umd,DC,2015,30,University of Maryland,302
2015-01-15-uw,SWC,2015,59,University of Washington,173
2015-01-26-tulane,SWC,2015,47,Tulane University,173
2015-01-27-msu_icer,SWC,2015,12,Michigan State University,173
2015-01-27-ubc,SWC,2015,31,University of British Columbia,297
2015-01-29-ncsu,SWC,2015,24,North Carolina State University,173
2015-01-29-sickkids,SWC,2015,37,"Hospital for Sick Children, Toronto",297
2015-01-29-uiuc,SWC,2015,29,University of Illinois at Urbana-Champaign,173
2015-01-31-ualbany,SWC,2015,23,SUNY Albany,173
2015-02-01-ttt-online,"TTT,online",2015,127,Software Carpentry,173
2015-02-03-CDT-reg-medicine,SWC,2015,11,EPSRC & MRC Centre for Doctoral Training (CDT) in Regenerative Medicine,278
2015-02-05-toronto,SWC,2015,28,University of Toronto,297
2015-02-09-ucdavis,DC,2015,25,University of California Davis,302
2015-02-11-ttt-melbourne,"TTT,online",2015,46,Software Carpentry,173
2015-02-14-ucla,SWC,2015,47,University of California Los Angeles,173
2015-02-16-resbaz-matlab,SWC,2015,17,University of Melbourne,173
2015-02-16-resbaz-python,SWC,2015,47,University of Melbourne,173
2015-02-16-resbaz-r,SWC,2015,43,University of Melbourne,173
2015-02-21-Krakow,SWC,2015,36,Jagiellonian University,306
2015-02-21-iplant,SWC,2015,55,iPlant,173
2015-02-21-uci,SWC,2015,50,University of California Irvine,173
2015-02-23-canterbury,SWC,2015,37,University of Canterbury,
2015-02-25-seoul,SWC,2015,12,Korea Radio Promotion Association,343
2015-02-25-ucl,SWC,2015,14,University College London,200
2015-02-26-Oslo,SWC,2015,27,University of Oslo,343
2015-02-26-auckland,SWC,2015,19,University of Auckland,173
2015-03-02-clemson,SWC,2015,20,Clemson University,173
2015-03-03-iupui,SWC,2015,10,Indiana University-Purdue University Indianapolis,343
2015-03-05-ubc,SWC,2015,40,University of British Columbia,343
2015-03-06-nyas,SWC,2015,44,New York Academy of Sciences,173
2015-03-09-ISI-CODATA,DC,2015,44,Indian Statistical Institute,302
2015-03-10-ttt-lbl,"TTT,online",2015,12,Software Carpentry,173
2015-03-16-utahstate,SWC,2015,47,Utah State University,173
2015-03-18-csc-espoo,DC,2015,29,CSC - IT Center for Science,302
2015-03-19-arkansas,SWC,2015,21,University of Arkansas,173
2015-03-20-unl,SWC,2015,42,University of Nebraska,234
2015-03-21-uwaterloo,SWC,2015,34,University of Waterloo,343
2015-03-23-hsph,SWC,2015,20,Harvard University,173
2015-03-24-ou,SWC,2015,24,University of Oklahoma,173
2015-03-26-mahidol,SWC,2015,6,Mahidol University,343
2015-03-30-AAAS,DC,2015,30,AAAS,302
2015-03-30-umiami,SWC,2015,38,University of Miami,173
2015-04-01-wcmc,SWC,2015,36,Weill Cornell Medical College,173
2015-04-02-umiami,SWC,2015,33,University of Miami,173
2015-04-08-SWC-UniMelb-Biosciences,SWC,2015,42,University of Melbourne,343
2015-04-08-ttt-nih,"TTT,online",2015,17,Software Carpentry,173
2015-04-09-UW,SWC,2015,47,University of Washington,173
2015-04-13-leiden,SWC,2015,38,Leiden,306
2015-04-13-samsi,SWC,2015,29,Sandia National Laboratory,173
2015-04-15-ncar,SWC,2015,22,University Corporation for Atmospheric Research,173
2015-04-16-imperial,SWC,2015,18,Imperial College London,278
2015-04-16-uvalib,SWC,2015,18,University of Virginia,343
2015-04-16-uvasom,SWC,2015,18,University of Virginia,173
2015-04-17-nw,SWC,2015,50,Northwestern University,173
2015-04-17-ucsb,SWC,2015,25,University of California Santa Barbara,173
2015-04-18-ASU,SWC,2015,38,Arizona State University,173
2015-04-18-UT-Arlington,SWC,2015,61,University of Texas Arlington,173
2015-04-22-UNO,SWC,2015,16,University of Nebraska - Omaha,343
2015-04-23-stanford,DC,2015,23,Stanford University,302
2015-04-27-wsu,SWC,2015,32,Washington State University,173
2015-04-29-pangyo,SWC,2015,3,Korea Radio Promotion Association,343
2015-04-30-SFU,SWC,2015,57,Simon Fraser University,297
2015-05-03-NDIC,DC,2015,40,NDIC,302
2015-05-04-lbl,SWC,2015,26,Lawrence Berkeley National Laboratory,173
2015-05-04-matlab,SWC,2015,17,University of Melbourne,232
2015-05-04-swinpython,SWC,2015,28,Swinburne University of Technology,343
2015-05-04-usfcms,SWC,2015,20,University of South Florida,173
2015-05-11-ttt-compute-canada,TTT,2015,22,Compute Canada,173
2015-05-11-unm,SWC,2015,45,University of New Mexico,173
2015-05-11-westernu,SWC,2015,40,Western University,297
2015-05-12-BUSM,SWC,2015,27,Boston University,173
2015-05-14-Stellenbosch,SWC,2015,32,Stellenbosch University,343
2015-05-14-wsu,DC,2015,40,University of Washington,302
2015-05-19-ou,SWC,2015,57,University of Oklahoma,173
2015-05-25-unimelb,SWC,2015,24,University of Melbourne,343
2015-05-26-amnh,"SWC,unresponsive",2015,0,American Museum of Natural History,343
2015-05-27-FRB,SWC,2015,25,Federal Reserve Board,173
2015-05-27-SWC-MCRI,SWC,2015,32,Murdoch Childrens Research Institute,
2015-05-27-osu,SWC,2015,47,Oklahoma State University,173
2015-05-27-ttt-msu,TTT,2015,26,Michigan State University,173
2015-05-28-monsanto,"SWC,unresponsive",2015,,Monsanto,343
2015-05-29-great-plains,DC,2015,22,Great Plains Network,302
2015-05-30-HASTAC,DC,2015,19,Michigan State University,302
2015-05-30-hastac-swc,SWC,2015,1,Michigan State University,173
2015-05-30-ufpr,SWC,2015,20,Universidade Federal do Paraná,173
2015-06-02-Oslo,SWC,2015,25,University of Oslo,306
2015-06-02-cern-lhcb,SWC,2015,40,CERN,173
2015-06-03-wisc,SWC,2015,29,University of Wisconsin - Madison,173
2015-06-04-berkeley,SWC,2015,25,University of California Berkeley,343
2015-06-04-unicamp,SWC,2015,23,Universidade Estadual de Campinas,173
2015-06-08-matlab,SWC,2015,22,University of Melbourne,232
2015-06-08-ttt-online,"TTT,online",2015,23,Software Carpentry,173
2015-06-09-nih,SWC,2015,20,National Institutes of Health,173
2015-06-10-sgpe,"SWC,unresponsive",2015,0,University of Edinburgh,343
2015-06-12-ttt-iplant,"TTT,online",2015,26,iPlant,173
2015-06-15-cambridge,SWC,2015,38,University of Cambridge,278
2015-06-15-cfmehu,SWC,2015,42,University of the Basque Country,306
2015-06-15-uconn,SWC,2015,15,University of Connecticut,173
2015-06-16-ttt-aciref,TTT,2015,24,ACI-REF,173
2015-06-17-ucstorrs,SWC,2015,34,University of Connecticut,173
2015-06-18-StAndrews,SWC,2015,29,University of St. Andrews,278
2015-06-18-otago,SWC,2015,32,University of Otago,131
2015-06-18-ucl,SWC,2015,20,University College London,200
2015-06-19-labvis,SWC,2015,30,Universidade Federal do Ceará,173
2015-06-22-caltech,SWC,2015,70,California Institute of Technology,173
2015-06-22-hawaii,SWC,2015,29,University of Hawaii,173
2015-06-22-psu,SWC,2015,40,Penn State,173
2015-06-22-vt,SWC,2015,41,Virginia Tech,173
2015-06-23-jackson,SWC,2015,33,Jackson Laboratory,173
2015-06-23-massey,SWC,2015,25,Massey University,131
2015-06-24-dc-utrecht,DC,2015,30,Uniersity of Utrecht,302
2015-06-24-gatech,SWC,2015,29,Georgia Tech,173
2015-06-25-PNW,DC,2015,0,University of Oregon,302
2015-06-25-byu,SWC,2015,30,Brigham Young University,173
2015-06-25-jhu,SWC,2015,23,Johns Hopkins University,173
2015-06-25-nd,SWC,2015,29,University of Notre Dame,173
2015-06-25-uw,SWC,2015,33,University of Washington,264
2015-06-25-wise-toronto,"SWC,WiSE",2015,18,University of Toronto,173
2015-06-29-DataScienceHobart,SWC,2015,50,Institute for Marine and Antarctic Studies,
2015-06-29-qaeco-unimelb,SWC,2015,21,University of Melbourne,343
2015-06-29-yonsei,SWC,2015,9,Yonsei University,307
2015-06-30-FederalReserveBoard,DC,2015,30,Federal Reserve Board,
2015-07-02-UQ,SWC,2015,39,University of Queensland,343
2015-07-02-monash,SWC,2015,35,Monash University,119
2015-07-06-scipy,SWC,2015,22,SciPy Conference,343
2015-07-06-ucdavis,SWC,2015,40,University of California Davis,197
2015-07-09-berkeley,SWC,2015,20,University of California Berkeley,18
2015-07-09-vpl,LC,2015,23,West Vancouver Library,297
2015-07-13-amos,SWC,2015,24,University of Queensland,343
2015-07-13-ncsu,SWC,2015,33,North Carolina State University,173
2015-07-13-unimelb,SWC,2015,22,University of Melbourne,232
2015-07-15-UNL,SWC,2015,43,University of Nebraska,234
2015-07-15-feltham,SWC,2015,25,Imperial College London,343
2015-07-16-UCT,SWC,2015,52,University of Cape Town,343
2015-07-16-sickkids,SWC,2015,38,"Hospital for Sick Children, Toronto",173
2015-07-20-perth,SWC,2015,19,Curtin University,343
2015-07-22-JamesMadison,DC,2015,25,James Madison University,302
2015-07-22-harvard,SWC,2015,38,Harvard University,80
2015-07-22-ljubljana,DC,2015,29,University of Ljubljana,302
2015-07-23-nist,SWC,2015,35,National Institute of Standards and Technology,343
2015-07-23-stanford,SWC,2015,21,Stanford University,173
2015-07-24-LSIUBC,SWC,2015,40,University of British Columbia,195
2015-07-27-cern-webfest,SWC,2015,20,CERN,306
2015-07-30-ASPB,DC,2015,40,American Society of Plant Biologists,302
2015-08-03-IBRC,SWC,2015,31,Diversity of the Indo-Pacific Network,343
2015-08-04-asu,SWC,2015,36,Arizona State University,173
2015-08-05-UWS,SWC,2015,15,Intersect Australia,173
2015-08-06-colorado,"SWC,unresponsive",2015,14,University of Colorado,173
2015-08-10-utk,SWC,2015,33,University of Tennessee Knoxville,173
2015-08-13-nmsu,SWC,2015,27,New Mexico State University,173
2015-08-17-ucdavis-wise,"SWC,WiSE",2015,44,University of California Davis,173
2015-08-19-ou,SWC,2015,31,University of Oklahoma,343
2015-08-19-zurich,"DC,unresponsive",2015,,University of Zurich,343
2015-08-20-daejeon,SWC,2015,11,Fablab Tide Institute,343
2015-08-20-msu,SWC,2015,12,Michigan State University,173
2015-08-20-ttu,SWC,2015,28,Texas Tech University,173
2015-08-20-vanderbilt,SWC,2015,40,Vanderbilt University,173
2015-08-21-northwestern,SWC,2015,46,Northwestern University,133
2015-08-24-Sloan-Kettering,DC,2015,41,Memorial Sloan Kettering Cancer Center,302
2015-08-24-isu,"DC,unresponsive",2015,0,Iowa State University,302
2015-08-24-stanford,SWC,2015,26,Stanford University,173
2015-08-24-vuw,SWC,2015,40,Victoria University of Wellington,131
2015-08-26-leeds,SWC,2015,23,University of Leeds,278
2015-08-26-umswc,SWC,2015,20,University of Michigan,173
2015-08-26-uw-madison,SWC,2015,31,University of Wisconsin - Madison,343
2015-08-27-ualberta,SWC,2015,37,University of Alberta,173
2015-08-27-unh,SWC,2015,23,University of New Hampshire,173
2015-08-31-UFBA,SWC,2015,14,"Universidade Federal da Bahia, Salvador",343
2015-09-03-whoi,SWC,2015,37,Woods Hole Oceanographic Institute,173
2015-09-06-saeon,SWC,2015,25,Talarify,312
2015-09-07-clemson,SWC,2015,10,Clemson University,343
2015-09-07-guildford,SWC,2015,19,University of surrey,278
2015-09-08-ccny-crest,SWC,2015,9,City University of New York,173
2015-09-08-ttt-online,"TTT,online",2015,18,Software Carpentry,173
2015-09-10-CAM,DC,2015,39,University of Cambridge,278
2015-09-10-SWC-ANU,SWC,2015,41,Australian National University,343
2015-09-10-leeds,SWC,2015,22,University of Leeds,278
2015-09-10-usp,SWC,2015,48,Universidade de Sao Paolo,343
2015-09-14-ttt-leeds,TTT,2015,18,University of Leeds,173
2015-09-15-chicago,SWC,2015,40,University of Chicago,343
2015-09-15-msu,SWC,2015,7,Michigan State University,173
2015-09-17-WSU,SWC,2015,17,Intersect Australia,343
2015-09-17-indiana,SWC,2015,9,Indiana University,173
2015-09-17-southampton,SWC,2015,37,University of Southampton,278
2015-09-19-uwaterloo,SWC,2015,75,University of Waterloo,297
2015-09-21-Genentech,DC,2015,32,Genentech,302
2015-09-21-ttt-icl,TTT,2015,14,Imperial College London,278
2015-09-22-ubc,SWC,2015,11,University of British Columbia,343
2015-09-22-ucdavis,DC,2015,18,University of California Davis,197
2015-09-23-TDWG,DC,2015,30,TDWG,86
2015-09-23-gfz-potsdam,SWC,2015,0,GFZ Potsdam,75
2015-09-23-nist,SWC,2015,43,National Institute of Standards and Technology,343
2015-09-24-chicagobooth,SWC,2015,29,The University of Chicago Booth School of Business,173
2015-09-24-stsci,SWC,2015,23,Space Telescope Science Institute,343
2015-09-26-conestoga,SWC,2015,75,Conestoga College,297
2015-09-28-UQ,SWC,2015,38,University of Queensland,241
2015-09-28-oxford,SWC,2015,25,The Doctoral Training Programme in Environmental Research of the University of Oxford,278
2015-09-28-umich,SWC,2015,17,University of Michigan,173
2015-09-28-unimelb-r-psychology,SWC,2015,23,University of Melbourne,343
2015-10-01-CPCEMCR,SWC,2015,20,University of Sydney,343
2015-10-01-JamesCookUni,SWC,2015,23,James Cook University,343
2015-10-03-Krakow-techspace,SWC,2015,32,Tech Space ,306
2015-10-03-jozihub,SWC,2015,4,Pycon South Africa,343
2015-10-03-ua-iplant,SWC,2015,74,iPlant,343
2015-10-05-ucalgary,SWC,2015,37,University of Calgary,173
2015-10-06-UVM,SWC,2015,12,University of Vermont,343
2015-10-07-R-Data-Sydney,DC,2015,19,University of Sydney,343
2015-10-08-ttt-ucl,TTT,2015,18,University College London,278
2015-10-12-cecam-julich,SWC,2015,18, CECAM - Centre Européen de Calcul Atomique et Moléculaire,343
2015-10-12-vt,SWC,2015,18,Virginia Tech,173
2015-10-15-ttt-online,"TTT,online",2015,48,Software Carpentry,173
2015-10-17-IEEE-Python,SWC,2015,27,University of Melbourne,343
2015-10-17-SFU,SWC,2015,30,Simon Fraser University,343
2015-10-17-avida,SWC,2015,8,Michigan State University,343
2015-10-19-SWC-Acadia,SWC,2015,7,Acadia University,343
2015-10-19-UMich,SWC,2015,22,University of Michigan,173
2015-10-19-hawaii,SWC,2015,30,University of Hawaii,173
2015-10-19-ualberta,SWC,2015,26,University of Alberta,297
2015-10-21-gfz-potsdam,"SWC,unresponsive",2015,,GFZ Potsdam,75
2015-10-21-jackson,SWC,2015,25,Jackson Laboratory,343
2015-10-22-uw,SWC,2015,29,University of Washington,343
2015-10-25-instructortraining-cracov,TTT,2015,13,Cyfronet,306
2015-10-26-jackson,SWC,2015,22,Jackson Laboratory,173
2015-10-26-umanitoba,SWC,2015,13,University of Manitoba,297
2015-10-27-SWC-Universite-Laval,SWC,2015,40,University of Laval,297
2015-10-27-duke,SWC,2015,42,Duke University,343
2015-10-29-Leeds-DC,DC,2015,39,University of Leeds,278
2015-11-02-DC-Brussels,"DC,unresponsive",2015,0,Belgian Science Policy (BELSPO),302
2015-11-02-pnnl,SWC,2015,35,Pacific Northwest National Lab ,173
2015-11-03-albany,SWC,2015,32,New Zealand eScience Infrastructure,343
2015-11-04-ACUNS,DC,2015,9,Association of Canadian Universities for Northern Studies,357
2015-11-04-embl,SWC,2015,27,European Molecular Biology Laboratory,343
2015-11-05-CSU,SWC,2015,5,Charles Sturt University,343
2015-11-05-NWU,SWC,2015,43,Talarify,343
2015-11-05-UNL,SWC,2015,27,University of Nebraska,343
2015-11-05-nd,SWC,2015,12,University of Notre Dame,173
2015-11-05-umiami-Python,SWC,2015,27,University of Miami,173
2015-11-09-SWC-UQAM,SWC,2015,33,Université du Québec à Montréal,297
2015-11-09-culham,SWC,2015,43,Culham Centre for Fusion Energy,278
2015-11-09-london-royal-h-,SWC,2015,17,"Royal Holloway, University of London",278
2015-11-09-manchester,SWC,2015,9,University of Manchester,278
2015-11-10-UCL_software_carpentry,SWC,2015,21,University College London,278
2015-11-11-northwestern,SWC,2015,35,Northwestern University,173
2015-11-11-nyu-med,"SWC,WiSE",2015,25,New York University,173
2015-11-16-iastate,SWC,2015,17,Iowa State University,173
2015-11-16-manchester-codima,SWC,2015,22,University of Manchester,278
2015-11-17-tatuy,SWC,2015,12,Colegio Universitario Hotel Escuela de los Andes Venezolanos,343
2015-11-19-eitn,SWC,2015,29,The European Institute for Theoretical Neuroscience (EITN),343
2015-11-19-umiami-R,SWC,2015,19,University of Miami,173
2015-11-19-utoronto,SWC,2015,38,University of Toronto,173
2015-11-20-NVI,SWC,2015,13,Norwegian Veterinary Institute,343
2015-11-20-ucsf-Python,SWC,2015,34,University of California San Francisco,173
2015-11-20-ucsf-R,SWC,2015,30,University of California San Francisco,173
2015-11-23-caltech,DC,2015,28,California Institute of Technology,302
2015-11-23-ccrc,SWC,2015,30,University of New South Wales,343
2015-11-23-instructor-training-manchester,TTT,2015,25,Software Carpentry,173
2015-11-25-edinburgh,SWC,2015,40,University of Edinburgh,278
2015-11-25-helsinki,SWC,2015,34,University of Helsinki,306
2015-11-26-adelaide-python,SWC,2015,42,University of Adelaide,343
2015-11-26-lincoln,SWC,2015,39,New Zealand eScience Infrastructure,343
2015-11-30-swc_data,SWC,2015,35,"Science Life Lab, Stockholm",173
2015-12-01-uow,SWC,2015,14,University of Wollongong,343
2015-12-02-Oslo,SWC,2015,17,University of Oslo,343
2015-12-07-Python-for-Science,SWC,2015,38,University of Melbourne,343
2015-12-07-eu-instructor-training,"TTT,online",2015,15,Software Carpentry,173
2015-12-07-na-instructor-training,"TTT,online",2015,22,Software Carpentry,173
2015-12-07-rijkzwaan,DC,2015,15,Rijkzwaan,355
2015-12-07-ttt-Au,"TTT,online",2015,4,Software Carpentry,173
2015-12-07-ttt-toronto,"TTT,online",2015,17,Software Carpentry,173
2015-12-08-USYD,SWC,2015,22,University of Sydney,343
2015-12-09-TRI,SWC,2015,24,Translational Research Institute,343
2015-12-10-OklahomaStateLibraries,SWC,2015,32,University of Oklahoma,343
2015-12-14-NIH,"SWC,unresponsive",2015,0,National Institutes of Health,343
2015-12-14-Portsmouth,SWC,2015,28,University of Portsmouth,278
2015-12-14-Python-for-Researchers,SWC,2015,31,University of Melbourne,343
2015-12-14-berkeley,SWC,2015,32,University of California Berkeley,343
2015-12-14-gfz-potsdam,"SWC,unresponsive",2015,,GFZ Potsdam,75
2015-12-15-Southampton,SWC,2015,74,University of Southampton,278
2015-12-15-rutgers,DC,2015,35,Rutgers University,302
2015-12-16-datacarpentry-onboarding,online,2015,0,Data Carpentry Onboarding,302
2015-12-wise-uk,"SWC,WiSE",2015,34,University of Manchester,278
2016-01-03-aas,SWC,2016,14,American Astronomical Society,173
2016-01-04-wise-umich,SWC,2016,30,University of Michigan,343
2016-01-05-ok-instructor-training,TTT,2016,19,Oklahoma State University,173
2016-01-06-UNL,SWC,2016,40,University of Nebraska,343
2016-01-06-bristol,SWC,2016,26,University of Bristol,278
2016-01-07-uwash,SWC,2016,35,University of Washington,343
2016-01-07_asu_physics,SWC,2016,25,Arizona State University,343
2016-01-09-uwo,SWC,2016,31,Western University,297
2016-01-11-dundee,SWC,2016,29,University of Dundee,343
2016-01-11-huddersfield,SWC,2016,21,University of Huddersfield,278
2016-01-11-nber,SWC,2016,30,National Bureau of Economic Research,343
2016-01-11-uwmadison,DC,2016,27,University of Wisconsin - Madison,343
2016-01-12-ou,SWC,2016,19,University of Oklahoma,343
2016-01-13-boston,SWC,2016,17,Boston College,173
2016-01-13-instructor-training-lausanne,TTT,2016,20,SIB Swiss Institute of Bioinformatics,360
2016-01-14-berkeley,SWC,2016,35,Berkeley Institute for Data Science,343
2016-01-14-uwmadison,SWC,2016,29,University of Wisconsin - Madison,343
2016-01-16-ubc,"SWC,unresponsive",2016,0,University of British Columbia,297
2016-01-16-waterloo,SWC,2016,28,University of Waterloo,297
2016-01-18-brisbane-instructor-training,TTT,2016,25,University of Queensland,241
2016-01-18-leeds,SWC,2016,25,University of Leeds,278
2016-01-18-msu,DC,2016,13,Michigan State University,343
2016-01-19-cdc,SWC,2016,24,Centers for Disease Control,173
2016-01-19-cuny,SWC,2016,34,City University of New York,173
2016-01-19-london-nhm,DC,2016,19,National History Museum,278
2016-01-19-sbu,DC,2016,35,Stony Brook University,302
2016-01-19-usda,DC,2016,32,United States Deparment of Agriculture,302
2016-01-21-melbourne-instructor-training,TTT,2016,27,University of Melbourne,232
2016-01-21-training-florida,TTT,2016,25,University of Florida,173
2016-01-23-U-of-Arizona,"SWC,unresponsive",2016,0,University of Arizona,343
2016-01-25-Utrecht,"SWC,DC",2016,25,Netherlands eScience Center,343
2016-01-26-london-nhm,DC,2016,15,National History Museum,278
2016-01-28-NCSA,SWC,2016,20,University of Illinois at Chicago,343
2016-01-28-auckland-instructor-training,TTT,2016,20,University of Auckland,14
2016-01-29-UBC,"SWC,unresponsive",2015,0,University of British Columbia,343
2016-01-30-UTA,SWC,2016,37,University of Texas Arlington,343
2016-01-30-UofArizonaIntroPython,SWC,2016,38,University of Arizona,343
2016-02-01-BrisbaneResBaz-Python,SWC,2016,32,Queensland University of Technology,343
2016-02-01-BrisbaneResBaz-R,SWC,2016,34,Queensland University of Technology,343
2016-02-01-ResBaz,SWC,2016,22,University of Sydney,343
2016-02-01-ResBaz-Sydney-RBeginner,SWC,2016,15,University of Sydney,343
2016-02-01-oslo,"DC,unresponsive",2016,0,University of Oslo,343
2016-02-01-perth,SWC,2016,78,Curtin University,343
2016-02-01-python-resbaz-2016,"SWC,unresponsive",2016,,University of Melbourne,343
2016-02-01-rezbazsydneypython,SWC,2016,23,University of Sydney,343
2016-02-02-SFU,"SWC,unresponsive",2016,0,Simon Fraser University,343
2016-02-02-auckland,SWC,2016,50,University of Auckland,343
2016-02-02-otago,SWC,2016,51,University of Otago,343
2016-02-04-ornl,SWC,2016,15,Oak Ridge National Laboratory,173
2016-02-04-us_geo_survey,SWC,2016,32,United States Geological Survey,173
2016-02-05-nyas-R,SWC,2016,26,New York Academy of Sciences,173
2016-02-05-nyas-python,SWC,2016,32,New York Academy of Sciences,173
2016-02-06-uguelph,SWC,2016,27,University of Guelph,297
2016-02-08-NCSA,SWC,2016,14,University of Illinois at Chicago,343
2016-02-16-EPCC,SWC,2016,22,University of Edinburgh,278
2016-02-16-NIH,SWC,2016,21,National Institutes of Health,173
2016-02-16-training-online,"TTT,online",2016,27,Software Carpentry,173
2016-02-16-ualberta,SWC,2016,14,University of Alberta,297
2016-02-17-UCL_software_carpentry,SWC,2016,35,University College London,278
2016-02-17-queens,"SWC,unresponsive",2016,0,Queen's University,297
2016-02-18-cracov-acc-cyfronet,"SWC,unresponsive",2016,0,Cyfronet,306
2016-02-18-ucalgary,SWC,2016,10,University of Calgary,297
2016-02-22-iastate,DC,2016,26,Iowa State University,302
2016-02-22-miami-dc,DC,2016,29,University of Miami,302
2016-02-22-training-ucdavis,TTT,2016,25,University of California Davis,173
2016-02-22-tulane,SWC,2016,24,Tulane University,173
2016-02-22-ubco,"SWC,unresponsive",2016,0,University of British Columbia,297
2016-02-22-upenn,SWC,2016,22,University of Pennsylvania,173
2016-02-25-NCSA,SWC,2016,26,University of Illinois at Chicago,343
2016-02-25-clemson,SWC,2016,20,Clemson University,343
2016-02-29-UMichigan,SWC,2016,46,University of Michigan,343
2016-03-01-Universite-Laval,SWC,2016,19,University of Laval,297
2016-03-02-NMFS-Seattle,SWC,2016,34,National Oceanic and Atmospheric Administration,173
2016-03-04-ucmp,DC,2016,36,University of California Museum of Paleontology,302
2016-03-07-boston,DC,2016,39,Boston College,302
2016-03-07-notredame,DC,2016,15,University of Notre Dame,302
2016-03-07-uconn,DC,2016,19,University of Connecticut,302
2016-03-08-TGAC,SWC,2016,19,The Genome Analysis Centre,278
2016-03-09-ttt-uw,TTT,2016,14,University of Washington,264
2016-03-10-CDT-reg-medicine,SWC,2016,10,EPSRC & MRC Centre for Doctoral Training (CDT) in Regenerative Medicine,278
2016-03-12-Krakow,"SWC,unresponsive",2016,0,Cyfronet,306
2016-03-12-ubc,"SWC,unresponsive",2016,0,University of British Columbia,297
2016-03-14-miami,SWC,2016,30,University of Miami,173
2016-03-14-okstate,SWC,2016,15,Oklahoma State University,343
2016-03-15-OSLOdataGeo,"DC,unresponsive",2016,0,University of Oslo,302
2016-03-15-Oslo-SWC,"SWC,unresponsive",2016,0,University of Oslo,216
2016-03-15-Oslo-data-bio,DC,2016,19,University of Oslo,302
2016-03-17-ou,SWC,2016,25,University of Oklahoma,343
2016-03-19-brocku,SWC,2016,18,Brock University,297
2016-03-21-uconn,SWC,2016,19,University of Connecticut,173
2016-03-23-Imperial,SWC,2016,19,Imperial College London,278
2016-03-24-UFII-SWC,SWC,2016,18,University of Florida,343
2016-03-28-miami,SWC,2016,19,University of Miami,173
2016-03-28-tucson,SWC,2016,12,University of Arizona,343
2016-03-29-gif-sur-yvette,"SWC,unresponsive",2016,0,Unit of Neuroscience Information and Complexity,343
2016-03-30-Python-for-Positive-Psychology,SWC,2016,58,University of Melbourne,232
2016-03-31-UNSW,SWC,2016,27,Intersect Australia,313
2016-03-31-uw,SWC,2016,44,University of Washington,343
2016-04-02-UTA,SWC,2016,58,University of Texas Arlington,343
2016-04-02-conestoga,SWC,2016,48,Conestoga College,297
2016-04-04-gonzaga,DC,2016,26,Gonzaga University,302
2016-04-04-ilmenau,SWC,2016,21,University of surrey,278
2016-04-06-UON,SWC,2016,22,Intersect Australia,313
2016-04-07-FederalReserveBoard,DC,2016,17,Federal Reserve Board,302
2016-04-11-dsiti,SWC,2016,16,"Department of Science, Information Technology and Innovation",343
2016-04-11-unc,SWC,2016,28,University of North Carolina,343
2016-04-12-UTS,SWC,2016,21,Intersect Australia,313
2016-04-12-boston_university,DC,2016,21,Boston University,302
2016-04-12-usgs_denver_DC,DC,2016,27,United States Geological Survey,302
2016-04-12-usgs_denver_SWC,SWC,2016,31,United States Geological Survey,173
2016-04-13-training-online,"TTT,online",2016,33,Software Carpentry,173
2016-04-14-jacksonlabs,DC,2016,25,Jackson Laboratory,302
2016-04-14-ucsb,SWC,2016,40,University of California Santa Barbara,343
2016-04-15-UCSB,SWC,2016,40,University of California Santa Barbara,343
2016-04-17-instructor-training-nwu,TTT,2016,23,North-West University,381
2016-04-18-USYD,SWC,2016,18,Intersect Australia,313
2016-04-18-leeds,SWC,2016,18,University of Leeds,278
2016-04-18-pfr,SWC,2016,36,New Zealand eScience Infrastructure,131
2016-04-19-GriffithUni,SWC,2016,22,Griffith University,343
2016-04-19-USDA-Athens-GA,DC,2016,30,United States Deparment of Agriculture,302
2016-04-23-OSU-Spring,DC,2016,15,Ohio State,343
2016-04-25-UW-mke,SWC,2016,27,University of Wisconsin - Madison,343
2016-04-25-stanford,SWC,2016,47,Stanford University,173
2016-04-25-utoronto,SWC,2016,29,University of Toronto,297
2016-04-27-NIH,SWC,2016,20,National Institutes of Health,343
2016-04-27-ou,SWC,2016,12,University of Oklahoma,343
2016-04-28-ualberta,SWC,2016,16,University of Alberta,297
2016-04-28-upenn,SWC,2016,17,University of Pennsylvania,173
2016-04-29-ucsf,SWC,2016,55,University of California San Francisco,173
2016-05-02-umichigan,SWC,2016,22,University of Michigan,343
2016-05-04-dupont,DC,2016,26,Dupont Industrial Biosciences,302
2016-05-04-instructor-training-ssi,TTT,2016,15,SSI Software Sustainability Institute,278
2016-05-05-saintmarys,"SWC,unresponsive",2016,0,Saint Mary's University,297
2016-05-05-uwaterloo,"SWC,unresponsive",2016,0,University of Waterloo,297
2016-05-06-RDAP16-Atlanta,DC,2016,35,Association for Information Science and Technology,343
2016-05-07-Krakow,SWC,2016,13,Cyfronet,343
2016-05-09-utoronto,SWC,2016,37,University of Toronto,297
2016-05-11-ttt-compute-canada,TTT,2016,27,Software Carpentry,173
2016-05-12-CharlesDarwinUni,"DC,unresponsive",2016,0,Charles Darwin University,343
2016-05-14-ubc,"SWC,unresponsive",2016,0,University of British Columbia,297
2016-05-16-CAM,DC,2016,34,University of Cambridge,278
2016-05-16-csdms,SWC,2016,19,Community Surface Dynamics Modeling System,343
2016-05-16-royalholloway,SWC,2016,0,"Royal Holloway, University of London",278
2016-05-16-scipyla,"SWC,unresponsive",2016,0,Universidade Federal de Santa Catarina,343
2016-05-17-UBC,"SWC,unresponsive",2016,0,University of British Columbia,343
2016-05-17-ucsd,SWC,2016,21,University of California San Diego,343
2016-05-18-ttt-online,"TTT,online",2016,23,Software Carpentry,173
2016-05-21-ubc,SWC,2016,0,University of British Columbia,297
2016-05-23-BiodesignASU,SWC,2016,6,Arizona State University,343
2016-05-23-nist,"unresponsive,SWC",2016,0,National Institute of Standards and Technology,343
2016-05-23-okstate,SWC,2016,25,Oklahoma State University,343
2016-05-23-unicamp,"SWC,unresponsive",2016,0,Universidade Estadual de Campinas,293
2016-05-24-mcmaster,SWC,2016,32,McMaster University,297
2016-05-24-proto204,SWC,2016,39,Unit of Neuroscience Information and Complexity,343
2016-05-25-culibraries,SWC,2016,24,University of Colorado,343
2016-05-25-lunduni,SWC,2016,21,Lund University,343
2016-05-25-ou_reu,SWC,2016,10,University of Oklahoma,173
2016-05-26-NIH,DC,2016,22,National Institutes of Health,302
2016-05-26-nist,"SWC,unresponsive",2016,0,National Institute of Standards and Technology,343
2016-05-26-sfwmd,DC,2016,15,South Florida Water Management District,302
2016-05-26-utoronto,"SWC,WiSE",2016,30,University of Toronto,297
2016-05-27-ccsl,"SWC,unresponsive",2016,0,Centro de Competencia em Software Livre,343
2016-05-29-PyCon,"DC,unresponsive",2016,0,PyCon,
2016-05-30-Zurich,DC,2016,40,University of Zurich,302
2016-05-31-CQU-R,SWC,2016,11,CQUniversity,343
2016-05-31-NDIC,DC,2016,24,Society of Quality Assurance,302
2016-05-31-puertorico,DC,2016,12,University of Puerto Rico,302
2016-06-01-mcgill,"SWC,unresponsive",2016,0,McGill University,297
2016-06-01-wisc,DC,2016,27,University of Wisconsin - Madison,343
2016-06-02-frb_washingtondc,DC,2016,11,Federal Reserve Board,302
2016-06-02-imagexd,SWC,2016,8,Berkeley Institute for Data Science,343
2016-06-03-kansas_state,SWC,2016,30,Kansas State University,343
2016-06-06-Bishops,"SWC,unresponsive",2016,0,Université Bishop's,297
2016-06-06-GriffithUni-Python,"SWC,unresponsive",2016,0,Griffith University,343
2016-06-07-TGAC,SWC,2016,16,The Genome Analysis Centre,278
2016-06-07-albany,SWC,2016,18,New Zealand eScience Infrastructure,131
2016-06-07-palmerstonnorth,SWC,2016,37,New Zealand eScience Infrastructure,131
2016-06-07-ucincinnati,DC,2016,16,University of Cincinnati,302
2016-06-08-ECSU,SWC,2016,16,Elizabeth City State University,173
2016-06-08-LANGEBIO-Mexico,SWC,2016,31,Langebio,173
2016-06-08-researchpark,SWC,2016,8,University of Illinois at Urbana-Champaign,343
2016-06-08-ttt-arizona,"TTT,online",2016,17,University of Arizona,173
2016-06-08-ttt-online,"TTT,online",2016,7,Software Carpentry,173
2016-06-08-uwmadison,SWC,2016,27,University of Wisconsin - Madison,343
2016-06-09-Belfast,SWC,2016,26,Queen's University Belfast,278
2016-06-09-NIH,SWC,2016,27,National Institutes of Health,343
2016-06-09-nyu,SWC,2016,37,New York University,173
2016-06-11-Tucson,"unresponsive,SWC",2016,0,University of Arizona,343
2016-06-13-LibCarp,LC,2016,18,University of Queensland,343
2016-06-13-cornell,DC,2016,31,Cornell University,302
2016-06-14-uw,SWC,2016,27,University of Washington,343
2016-06-15-USDA-NOLA,DC,2016,11,United States Deparment of Agriculture,302
2016-06-15-ou_bio,SWC,2016,22,University of Oklahoma,343
2016-06-16-VetSciUnimelb,SWC,2016,38,COMBINE,392
2016-06-16-leeds,SWC,2016,12,University of Leeds,278
2016-06-17-ihub-nairobi,SWC,2016,16,"iHub, Nairobi, Kenya",343
2016-06-20-Oslo-SWC,SWC,2016,11,University of Oslo,343
2016-06-20-lausanne,SWC,2016,29,University of Lausanne,360
2016-06-21-LTU,SWC,2016,10,Intersect Australia,313
2016-06-22-Christchurch,SWC,2016,40,New Zealand eScience Infrastructure,131
2016-06-22-UCL_software_carpentry,SWC,2016,22,University College London,343
2016-06-23-CC,"DC,unresponsive",2016,,Compute Canada,302
2016-06-23-basel,SWC,2016,18,SIB Swiss Institute of Bioinformatics,360
2016-06-23-leeds,SWC,2016,22,University of Leeds,278
2016-06-23-ualberta-DC,DC,2016,15,University of Alberta,297
2016-06-27-cfmehu,SWC,2016,38,University of the Basque Country,272
2016-06-27-clemson,SWC,2016,25,Clemson University,343
2016-06-27-leeds,SWC,2016,24,University of Leeds,278
2016-06-29-Otago,SWC,2016,23,University of Otago,131
2016-06-29-frb_washingtondc,SWC,2016,14,Federal Reserve Board,173
2016-06-29-leeds,SWC,2016,27,University of Leeds,278
2016-06-30-Oslo-ttt,TTT,2016,22,University of Oslo,173
2016-07-06-pnnl,SWC,2016,25,Pacific Northwest National Lab ,173
2016-07-11-UNSW,SWC,2016,26,Intersect Australia,313
2016-07-11-UoA-winterbootcamp,"SWC,unresponsive",2016,,New Zealand eScience Infrastructure,131
2016-07-11-UoA-winterbootcamp-II,"SWC,unresponsive",2016,,New Zealand eScience Infrastructure,131
2016-07-11-bne-R,SWC,2016,1,University of Queensland,343
2016-07-11-ttt-scipy,TTT,2016,21,Software Carpentry,173
2016-07-12-LibraryCarpentry,"LC,unresponsive",2016,0,James Cook University,343
2016-07-12-Oxford,SWC,2016,32,University of Oxford,343
2016-07-14-UNO,SWC,2016,27,University of Nebraska - Omaha,343
2016-07-18-UCSD,LC,2016,40,University of California San Diego,343
2016-07-18-curtin,"SWC,unresponsive",2016,0,Curtin University,343
2016-07-18-usq,"SWC,unresponsive",2016,0,University of Southern Queensland,343
2016-07-18-zurich,DC,2016,38,University of Zurich,343
2016-07-20-UTS_Library_Data_Carpentry,DC,2016,40,University of Melbourne,302
2016-07-21-sfwmd,DC,2016,10,South Florida Water Management District,343
2016-07-25-philippines,DC,2016,42,California State University Monterey Bay,302
2016-07-26-BU,DC,2016,18,Boston University,302
2016-07-26-okstate,SWC,2016,4,Oklahoma State University,343
2016-07-28-colorado-state,SWC,2016,20,Colorado State University,343
2016-07-28-librarycarpentry,"LC,unresponsive",2016,39,University of Toronto,297
2016-08-01-codata-rda-trieste,SWC,2016,68,Abdus Salam International Centre for Theoretical Physics,343
2016-08-01-ttt-oklahoma,TTT,2016,,University of Oklahoma,173
2016-08-01-ufpr,SWC,2016,14,Universidade Federal do Paraná,343
2016-08-02-dsiti,"SWC,unresponsive",2016,0,"Department of Science, Information Technology and Innovation",343
2016-08-03-frb_washingtondc,DC,2016,16,Federal Reserve Board,173
2016-08-04-UCSF-Python,SWC,2016,31,University of California San Francisco,173
2016-08-04-UCSF-R,SWC,2016,36,University of California San Francisco,173
2016-08-05-hobart,SWC,2016,45,Data Science Hobart,417
2016-08-07-neon_esa,DC,2016,23,Neon Data Skills,343
2016-08-08-uottawa,SWC,2016,30,Compute Canada,297
2016-08-09-rmacc,SWC,2016,20,University of Colorado,343
2016-08-10-Pre-Pycon_Data_Carpentry_Workshop,DC,2016,33,VLSCI,364
2016-08-11-ISU,DC,2016,32,Iowa State University,343
2016-08-11-cornell-mbg,SWC,2016,28,Cornell University,343
2016-08-15-msu,SWC,2016,10,Michigan State University,173
2016-08-16-WSU,"SWC,unresponsive",2016,0,Intersect Australia,313
2016-08-17-UF-Informatics-Institute,SWC,2016,52,University of Florida,343
2016-08-17-ou,SWC,2016,3,University of Oklahoma,343
2016-08-17-vumc,SWC,2016,22,Vanderbilt University,343
2016-08-19-stonybrook,DC,2016,23,Stony Brook University,302
2016-08-22-aarhus,SWC,2016,19,Aarhus University,173
2016-08-22-edinburgh,DC,2016,24,University of Edinburgh,278
2016-08-22-johns_hopkins,SWC,2016,19,Johns Hopkins University,173
2016-08-22-unam,SWC,2016,23,University of Namibia,343
2016-08-23-UNT,SWC,2016,29,University of Oklahoma,343
2016-08-23-uw_madison,DC,2016,29,University of Wisconsin - Madison,343
2016-08-24-edinburgh,SWC,2016,24,University of Edinburgh,278
2016-08-24-federal-reserve,SWC,2016,10,Federal Reserve Board,173
2016-08-25-augustsc,SWC,2016,20,University of Colorado,343
2016-08-26-TTU,SWC,2016,24,Texas Tech University,343
2016-08-29-UWCswc,"SWC,unresponsive",2016,0,South African National Bioinformatics Institute,343
2016-08-29-northeastern,SWC,2016,27,Northeastern University,343
2016-08-29-nwu-mafikeng,"SWC,DC",2016,8,North-West University,343
2016-08-29-uri,DC,2016,29,University of Rhode Island,302
2016-08-29-uw_madison,SWC,2016,25,University of Wisconsin - Madison,343
2016-08-31-southampton,SWC,2016,22,University of Southampton,278
2016-08-31-umswc,SWC,2016,17,University of Michigan,343
2016-09-01-columbia_Matlab,SWC,2016,51,Columbia University,173
2016-09-01-columbia_R,SWC,2016,52,Columbia University,173
2016-09-01-cu-python,SWC,2016,34,Columbia University,173
2016-09-01-vuw,SWC,2016,40,Victoria University of Wellington,131
2016-09-05-denmark,SWC,2016,34,Novo Nordisk Center for Biosustainability,173
2016-09-06-OSUHMSC,DC,2016,20,Oregon State University,343
2016-09-06-aura_lsst,SWC,2016,14,Large Synoptic Survey Telescope,173
2016-09-08-anschutz,SWC,2016,12,University of Colorado,343
2016-09-08-mcgill,SWC,2016,16,McGill University,297
2016-09-12-FIU,SWC,2016,22,Florida International University,173
2016-09-13-Universite-Laval,SWC,2016,4,University of Laval,297
2016-09-14-GriffithUni-Python,"SWC,unresponsive",2016,0,Griffith University,343
2016-09-14-mpac,"SWC,unresponsive",2016,0,Municipal Property Assessment Corporation,297
2016-09-14-yorku,SWC,2016,28,York University,297
2016-09-15-chicago,SWC,2016,47,University of Chicago,343
2016-09-17-uwaterloo,SWC,2016,25,University of Waterloo,297
2016-09-19-UCSD-SIO,SWC,2016,23,University of California San Diego,343
2016-09-19-heidelberg,SWC,2016,25,European Molecular Biology Laboratory,343
2016-09-19-ttt-cambridge,TTT,2016,30,Software Carpentry,173
2016-09-19-ttt-osu,TTT,2016,9,Oregon State University,173
2016-09-20-ubc,"SWC,unresponsive",2016,19,University of British Columbia,297
2016-09-21-UON,"SWC,unresponsive",2016,0,Intersect Australia,313
2016-09-22-UCL_software_carpentry,SWC,2016,22,University College London,278
2016-09-23-gwu,SWC,2016,23,George Washington University,173
2016-09-26-nwu-genomics,DC,2016,23,North-West University,343
2016-09-26-usq,"SWC,unresponsive",2016,0,University of Southern Queensland,343
2016-09-27-SoftwareCarpentry-tsv,"SWC,unresponsive",2016,0,James Cook University,343
2016-09-27-UNSW,"SWC,unresponsive",2016,0,Intersect Australia,313
2016-09-27-milan,DC,2016,21,IFOM Istituto FIRC di Oncologia Molecolare,302
2016-09-28-GriffithUni-R,"SWC,unresponsive",2016,0,Griffith University,343
2016-09-28-MSU,DC,2016,22,Michigan State University,302
2016-09-28-ttt-sesync,TTT,2016,17,National Socio-Environmental Synthesis Center,173
2016-09-29-jackson,DC,2016,22,Jackson Laboratory,302
2016-09-29-ubc,SWC,2016,35,University of British Columbia,297
2016-10-03-Uni-Neuchatel,DC,2016,30,Université de Neuchâtel,302
2016-10-03-sfu,SWC,2016,19,Simon Fraser University,297
2016-10-03-ttt-online,"TTT,online",2016,23,Software Carpentry,173
2016-10-04-clemson,SWC,2016,10,Clemson University,343
2016-10-04-thessaloniki,SWC,2016,31,Aristotle University of Thessaloniki,343
2016-10-05-LTU,"SWC,unresponsive",2016,0,Intersect Australia,313
2016-10-05-SFU,"SWC,unresponsive",2016,26,Simon Fraser University,297
2016-10-05-nottingham,SWC,2016,21,University of Nottingham,278
2016-10-05-riverclub,SWC,2016,25,Pycon South Africa,343
2016-10-06-QBI,"SWC,unresponsive",2016,0,University of Queensland,343
2016-10-06-harvard,SWC,2016,18,Harvard University,173
2016-10-06-jackson,SWC,2016,25,Jackson Laboratory,173
2016-10-10-UCB,LC,2016,37,University of California Berkeley,343
2016-10-10-uw,SWC,2016,44,University of Washington,343
2016-10-11-NIH,SWC,2016,14,National Institutes of Health,343
2016-10-11-colorado,SWC,2016,23,University of Colorado,343
2016-10-12-sacnas,"SWC,unresponsive",2016,,Society for the Advancement of Chicanos/Hispanics and Native Americans in Science (SACNAS),173
2016-10-13-okstate,SWC,2016,19,Oklahoma State University,343
2016-10-15-UTA,SWC,2016,29,University of Texas Arlington,343
2016-10-17-EEB-SNRE,SWC,2016,21,University of Michigan,343
2016-10-17-amsterdam,SWC,2016,26,University of Amsterdam,343
2016-10-17-edinburgh,SWC,2016,26,University of Edinburgh,278
2016-10-17-lincoln,"SWC,unresponsive",2016,0,Plant & Food Research,131
2016-10-17-uf,DC,2016,23,University of Florida,343
2016-10-18-EI,DC,2016,15,Earlham Institute,278
2016-10-20-ttt-online,"TTT,online",2016,15,Software Carpentry,173
2016-10-22-CUAnschutz,SWC,2016,16,University of Colorado,343
2016-10-22-uwo,DC,2016,25,Western University,297
2016-10-24-ttt-uwmadison,TTT,2016,25,Software Carpentry,173
2016-10-24-umontreal,"SWC,unresponsive",2016,0,Universite de Montreal,297
2016-10-25-ou,SWC,2016,4,University of Oklahoma,343
2016-10-25-uwa,DC,2016,35,University of Western Australia,343
2016-10-26-Wuerzburg,SWC,2016,22,University of Wuerzburg,343
2016-10-26-queensu,SWC,2016,30,Queen's University,297
2016-10-27-purdue,SWC,2016,5,Purdue University,173
2016-10-27-ttt-online,"TTT,online",2016,20,Software Carpentry,173
2016-10-27-umswc-hg,SWC,2016,8,University of Michigan,343
2016-10-31-univenda,DC,2016,20,University of Venda,343
2016-11-01-chifed,SWC,2016,20,Federal Reserve Bank of Chicago,173
2016-11-01-otago,SWC,2016,25,University of Otago,131
2016-11-01-southampton,SWC,2016,21,University of Southampton,278
2016-11-02-EPCC,DC,2016,22,Edinburgh Parallel Computing Centre,278
2016-11-03-nsbe_atlanta,DC,2016,15,National Society of Black Engineers,302
2016-11-03-nsbe_norfolk,DC,2016,20,National Society of Black Engineers,302
2016-11-03-ttt-cuny,TTT,2016,12,City University of New York,173
2016-11-05-CUAnschutz,SWC,2016,14,University of Colorado,343
2016-11-05-Tucson,SWC,2016,36,University of Arizona,343
2016-11-06-sogang,DC,2016,12,Korea Radio Promotion Association,302
2016-11-07-Curtin,"SWC,unresponsive",2016,,Curtin University,343
2016-11-07-manchester,SWC,2016,13,University of Manchester,278
2016-11-07-ttt-online,"TTT,online",2016,10,Software Carpentry,173
2016-11-09-NIH,SWC,2016,22,National Institutes of Health,343
2016-11-09-Wuerzburg,SWC,2016,8,University of Wuerzburg,343
2016-11-10-uclhep,SWC,2016,18,University College London,278
2016-11-11-RUCamden,SWC,2016,9,Rutgers University,343
2016-11-14-CESAB,DC,2016,9,Centre de synthèse et d'analyse sur la biodiversité,302
2016-11-14-Krakow,SWC,2016,7,Cyfronet,343
2016-11-14-frb_washingtondc,SWC,2016,14,Federal Reserve Board,173
2016-11-14-unimelb,SWC,2016,9,ARC Centre of Excellence for Climate System Science,442
2016-11-15-kansas,SWC,2016,34,University of Kansas,343
2016-11-15-ttt-online,"TTT,online",2016,15,Software Carpentry,173
2016-11-15-wellington,"SWC,unresponsive",2016,,National Institute of Water and Atmospheric Research,131
2016-11-16-stellenbosch-python,SWC,2016,16,Stellenbosch University,343
2016-11-21-genomics-unm,DC,2016,37,University of Minnesota,302
2016-11-21-leeds,DC,2016,15,University of Leeds,278
2016-11-21-ou,SWC,2016,12,University of Oklahoma,343
2016-11-24-scion,"SWC,unresponsive",2016,0,New Zealand eScience Infrastructure,131
2016-11-24-ttt-metoffice,TTT,2016,17,UK Met Office,278
2016-11-29-qut,SWC,2016,31,Queensland University of Technology,343
2016-11-29-ttt-nesi,TTT,2016,10,New Zealand eScience Infrastructure,131
2016-12-01-DC-Social-Sciences,DC,2016,24,Harvard University,343
2016-12-01-PNNL-ttt,TTT,2016,14,Pacific Northwest National Lab ,319
2016-12-03-tdwg-costa-rica,SWC,2016,13,Florida State University,343
2016-12-05-campinas,SWC,2016,20,Universidade Estadual de Campinas,343
2016-12-05-oxford,SWC,2016,22,University of Oxford,278
2016-12-07-uvic,"SWC,unresponsive",2016,0,University of Victoria,297
2016-12-09-UCSF-R,SWC,2016,38,University of California San Francisco,173
2016-12-09-ucsf_Python,SWC,2016,23,University of California San Francisco,173
2016-12-12-Deakin,"SWC,unresponsive",2016,0,Intersect Australia,313
2016-12-12-ttt-uiuc,TTT,2016,12,University of Illinois at Urbana-Champaign,218
2016-12-13-UCL_software_carpentry,SWC,2016,20,University College London,343
2016-12-13-ttt-ucsf,TTT,2016,18,University of California San Francisco,173
2016-12-14-ttt-online,"TTT,online",2016,11,Software Carpentry,173
2016-12-15-ttt-online,"TTT,online",2016,16,Software Carpentry,173
2017-01-03-aas,SWC,2017,32,American Astronomical Society,343
2017-01-03-okstate,SWC,2017,18,Oklahoma State University,343
2017-01-04-bristol,SWC,2017,25,University of Bristol,278
2017-01-05-UNL,SWC,2017,20,University of Nebraska,343
2017-01-05-agci,DC,2017,6,Aspen Global Change Institute,302
2017-01-09-dundee,SWC,2016,28,University of Dundee,343
2017-01-09-oxford,SWC,2017,26,School of Anthropology and Museum Ethnography,278
2017-01-09-uw,SWC,2017,40,University of Washington,343
2017-01-10-uw_madison,DC,2017,33,University of Wisconsin - Madison,343
2017-01-11-ttt-online,"TTT,online",2017,23,Software Carpentry,173
2017-01-12-bids,SWC,2017,30,Berkeley Institute for Data Science,343
2017-01-12-ou,SWC,2017,8,University of Oklahoma,343
2017-01-12-uconn,SWC,2017,36,University of Connecticut,343
2017-01-12-uw_madison,SWC,2017,33,University of Wisconsin - Madison,343
2017-01-16-ccg-unam,SWC,2017,70,Universidad Nacional Autonoma de Mexico,173
2017-01-17-UMich,SWC,2017,33,University of Michigan,343
2017-01-18-CAM,DC,2017,37,University of Cambridge,343
2017-01-18-bristol,SWC,2017,23,University of Bristol,278
2017-01-19-ttt-ecp,"TTT,online",2017,20,DOE Exascale Computing Project,173
2017-01-21-stanford,DC,2017,33,Stanford University,302
2017-01-25-ttt-nz-otago,TTT,2017,28,New Zealand eScience Infrastructure,131
2017-01-26-Langley,SWC,2017,13,NASA (National Aeronautics and Space Administration),343
2017-01-26-imperial,SWC,2017,15,Imperial College London,343
2017-01-26-tufts,DC,2017,30,Tufts University,173
2017-01-26-uiuc,SWC,2017,34,University of Illinois,343
2017-01-26-utoronto,SWC,2017,16,University of Toronto,297
2017-01-30-NeuRA-Python,SWC,2017,23,Neuroscience Research Australia,461
2017-01-31-resbaztas-python,SWC,2017,40,Data Science Hobart,417
2017-01-31-resbaztas-r,SWC,2017,50,Data Science Hobart,417
2017-02-01-swc,SWC,2017,59,University of Oslo,343
2017-02-02-SFU,"SWC,unresponsive",2017,32,Simon Fraser University,297
2017-02-03-nyas-r,SWC,2017,36,New York Academy of Sciences,173
2017-02-03-nyas_python,SWC,2017,28,New York Academy of Sciences,173
2017-02-03-utoronto,SWC,2017,29,University of Toronto,297
2017-02-04-UTA,SWC,2017,53,University of Texas Arlington,343
2017-02-04-conestoga,SWC,2017,40,Conestoga College,297
2017-02-05-amos,SWC,2017,17,Australian Meteorological and Oceanographic Society,422
2017-02-06-UF-Informatics-Institute,SWC,2017,22,University of Florida,343
2017-02-07-uoa,"SWC,unresponsive",2017,0,University of Auckland,131
2017-02-08-dunedin,"SWC,unresponsive",2017,,University of Otago,131
2017-02-08-resbaz2017-pn,"SWC,unresponsive",2017,,Massey University,131
2017-02-09-jax,DC,2017,11,Jackson Laboratory,343
2017-02-09-ttt-usu,TTT,2017,11,Utah State University,173
2017-02-12-Chiangmai-data,DC,2017,4,Chiangmai University,302
2017-02-13-ttt-nih,"TTT,online",2017,4,National Institutes of Health,173
2017-02-14-kcfrb,SWC,2017,25,Federal Reserve Bank of Kansas City,173
2017-02-15-library_of_congress,SWC,2017,34,Library of Congress,173
2017-02-15-uiuc,SWC,2017,19,University of Illinois,343
2017-02-16-barHarbor,SWC,2017,13,Jackson Laboratory,302
2017-02-16-rc-days,SWC,2017,34,Boise State University,343
2017-02-21-online-instructor-training,"TTT,online",2017,14,Software Carpentry,173
2017-02-21-queensu,SWC,2017,30,Queen's University,297
2017-02-23-allen_institute,SWC,2017,40,Allen Institute for Brain Science,173
2017-02-23-uottawa,SWC,2017,30,Univerity of Ottawa,297
2017-02-24-west_virginia,SWC,2017,15,West Virginia University,173
2017-02-25-CyVerse,SWC,2017,41,University of Arizona,173
2017-02-27-UTS,SWC,2017,25,University of Technology Sydney,251
2017-02-27-umich,SWC,2017,9,University of Michigan,343
2017-03-02-SoftwareCarpentry-tsv,"SWC,unresponsive",2017,0,James Cook University,343
2017-03-02-manchester,SWC,2017,11,EPSRC & MRC Centre for Doctoral Training (CDT) in Regenerative Medicine,278
2017-03-02-mcgill,SWC,2017,21,McGill University,297
2017-03-05-ucsf-R,SWC,2017,31,University of California San Francisco,173
2017-03-05-ucsf-python,SWC,2017,21,University of California San Francisco,173
2017-03-06-winona,SWC,2017,14,Winona State University,343
2017-03-07-Universite-Laval,SWC,2017,20,University of Laval,297
2017-03-07-sheffield-lc,LC,2017,51,University of Sheffield,343
2017-03-07-ttt-online,"TTT,online",2017,13,Software Carpentry,173
2017-03-09-freiburg,SWC,2017,26,University of Freiburg,343
2017-03-11-ubc,SWC,2017,44,University of British Columbia,297
2017-03-13-colorado,SWC,2017,16,University of Colorado,343
2017-03-13-ou,SWC,2017,8,University of Oklahoma,343
2017-03-13-oxford,SWC,2017,28,School of Anthropology and Museum Ethnography,278
2017-03-16-SoftwareCarpentryPy-TSV,SWC,2017,24,James Cook University,343
2017-03-16-dartmouth,SWC,2017,20,Dartmouth College,343
2017-03-16-okstate,SWC,2017,11,Oklahoma State University,173
2017-03-16-ttt-oxford,TTT,2017,24,University of Oxford,173
2017-03-20-wsu,DC,2017,26,Washington State University,343
2017-03-22-amsterdam,DC,2017,26,Amsterdam Science Park,343
2017-03-22-calstate_Monterey,DC,2017,17,California State University Monterey Bay,302
2017-03-23-Mafikeng,"DC,unresponsive",2017,28,North-West University,343
2017-03-23-standrews,SWC,2017,20,University of St. Andrews,343
2017-03-24-ttt-upr,TTT,2017,12,University of Puerto Rico,173
2017-03-25-brocku,SWC,2017,16,Brock University,297
2017-03-27-nebraska,SWC,2017,20,University of Nebraska,343
2017-03-27-uw,SWC,2017,46,University of Washington,343
2017-03-29-delaware,DC,2017,21,University of Delaware,173
2017-03-29-munchen,SWC,2017,17,Technical University Munich,173
2017-03-30-manchester,DC,2017,14,Cathie Marsh Institute for Social Research,173
2017-04-04-commerce-library,SWC,2017,39,Commerce Research Library,343
2017-04-06-DataCarpentry-Genomics-TSV,DC,2017,0,James Cook University,343
2017-04-06-farmington,DC,2017,23,Jackson Laboratory,343
2017-04-06-wsu,SWC,2017,30,Washington State University,173
2017-04-07-ou,SWC,2017,12,University of Oklahoma,173
2017-04-10-Albany,SWC,2017,,Massey University,131
2017-04-10-GriffithUni-Python,SWC,2017,24,Griffith University,343
2017-04-10-uw-ttt,TTT,2017,15,University of Washington,173
2017-04-11-nist,SWC,2017,13,National Institute of Standards and Technology,173
2017-04-12-GriffithUni-Git,SWC,2017,32,Griffith University,343
2017-04-20-SWC-Melbourne,SWC,2017,25,COMBINE,392
2017-04-20-leeds,SWC,2017,25,University of Leeds,278
2017-04-20-otago,DC,2017,22,University of Otago,131
2017-04-21-ucsb,SWC,2017,27,University of California Santa Barbara,173
2017-04-24-queensu,SWC,2017,30,Queen's University,297
2017-04-24-ttt-VT_NIST,"TTT,online",2017,12,Software Carpentry,173
2017-04-26-caltech,DC,2017,25,California Institute of Technology,302
2017-04-26-norwich,SWC,2017,13,Earlham Institute,343
2017-04-27-UCL_software_carpentry,SWC,2017,24,University College London,343
2017-04-27-wsu,SWC,2017,31,Wayne State University,343
2017-04-30-eResearchAfrica-ttt,TTT,2017,28,Software Carpentry,173
2017-05-01-frb_datacarp,DC,2017,13,Federal Reserve Board,302
2017-05-01-frb_swcarp,SWC,2017,13,Federal Reserve Board,173
2017-05-04-pnnl,SWC,2017,20,Pacific Northwest National Lab ,343
2017-05-04-portland-ttt,TTT,2017,28,California Digital Library,173
2017-05-04-ttt-frb,TTT,2017,16,Federal Reserve Board,173
2017-05-04-upstate_medical_university,DC,2017,24,Upstate Medical University (State University of New York),302
2017-05-06-caltech,DC,2017,11,California Institute of Technology,343
2017-05-08-NIH,SWC,2017,17,National Institutes of Health,343
2017-05-08-leeds,SWC,2017,18,University of Leeds,343
2017-05-08-scion,SWC,2017,,Scion New Zealand,131
2017-05-08-upenn_digital_humanities,SWC,2017,22,University of Pennsylvania,173
2017-05-09-edinburgh,SWC,2017,32,Edinburgh Parallel Computing Centre,278
2017-05-11-edinburgh,DC,2017,23,Edinburgh Parallel Computing Centre,278
2017-05-11-lc-boston,LC,2017,,Massachusetts Institute of Technology,343
2017-05-15-GFZ,SWC,2017,25,GFZ Potsdam,343
2017-05-15-UNIVENDA,DC,2017,22,University of Venda,381
2017-05-15-okstate,SWC,2017,25,Oklahoma State University,343
2017-05-15-ualberta,SWC,2017,25,University of Alberta,297
2017-05-17-GFZ,SWC,2017,22,GFZ Potsdam,343
2017-05-17-JLAB,SWC,2017,36,Open Science Grid,343
2017-05-17-qbi,SWC,2017,17,University of Queensland,241
2017-05-18-McMaster,SWC,2017,27,McMaster University,297
2017-05-18-R-Macquarie,SWC,2017,18,Macquarie University,121
2017-05-18-WVU,SWC,2017,26,West Virginia University,173
2017-05-18-arkansas,SWC,2017,27,University of Arkansas,173
2017-05-18-northeastern,DC,2017,40,Northeastern University,343
2017-05-18-pitt,LC,2017,,University of Pittsburgh,343
2017-05-18-sac-water-science-r-workshop,SWC,2017,26,State Water Agencies,343
2017-05-18-standrews,SWC,2017,13,University of St. Andrews,343
2017-05-18-stanford-TTT,TTT,2017,13,Stanford University,173
2017-05-20-ucsf-R,SWC,2017,37,University of California San Francisco,173
2017-05-20-ucsf-python,SWC,2017,33,University of California San Francisco,343
2017-05-22-florida-TTT,TTT,2017,22,University of Florida,173
2017-05-23-ucsd,SWC,2017,26,University of California San Diego,343
2017-05-24-nist,SWC,2017,34,National Institute of Standards and Technology,343
2017-05-25-UF,SWC,2017,21,University of Florida,173
2017-05-27-MUN,SWC,2017,22,Memorial University,297
2017-05-29-GriffithUni-R,SWC,2017,27,Griffith University,343
2017-05-31-Vaal,DC,2017,20,North-West University,343
2017-06-01-Belfast,DC,2017,26,Queen's University Belfast,278
2017-06-01-stanford,SWC,2017,22,Stanford University,173
2017-06-05-ghana,SWC,2017,,AfriGEOSS,173
2017-06-06-Curtin,SWC,2017,,Curtin University,343
2017-06-06-ncsa,SWC,2017,7,University of Illinois at Urbana-Champaign,343
2017-06-07-uri,DC,2017,27,University of Rhode Island,302
2017-06-08-langley,SWC,2017,15,NASA (National Aeronautics and Space Administration),343
2017-06-08-minnesota,DC,2017,18,University of Minnesota,302
2017-06-08-wsu,DC,2017,17,Washington State University,343
2017-06-12-wise,SWC,2017,9,NASA (National Aeronautics and Space Administration),343
2017-06-13-uw,SWC,2017,39,University of Washington,343
2017-06-14-cornell,DC,2017,29,Cornell University,343
2017-06-15-frb_washingtondc,DC,2017,21,Federal Reserve Board,302
2017-06-15-uow,DC,2017,19,University of Wollongong,342
2017-06-17-stanford,DC,2017,40,Stanford University,302
2017-06-17-stlouis,"DC,unresponsive",2017,,University of California Davis,302
2017-06-19-berlin,SWC,2017,34,Integrative Research Institute of Life Sciences,343
2017-06-19-nasa-rm1,SWC,2017,38,NASA (National Aeronautics and Space Administration),173
2017-06-19-nasa-rm2,SWC,2017,32,NASA (National Aeronautics and Space Administration),173
2017-06-19-sydney-ttt,TTT,2017,18,Macquarie University,173
2017-06-19-tgen,SWC,2017,52,Translational Genomics Institute,343
2017-06-19-ttt-davis,TTT,2017,13,University of California Davis,197
2017-06-19-uwmadison-dc,DC,2017,27,University of Wisconsin - Madison,343
2017-06-20-Spelman,SWC,2017,11,Spelman College,302
2017-06-21-Crick,DC,2017,20,The Francis Crick Institute,278
2017-06-21-qmul,SWC,2017,14,Queen Mary University London,278
2017-06-26-pnnl,SWC,2017,16,Pacific Northwest National Lab ,343
2017-06-26-ttt-online,"TTT,online",2017,6,Software Carpentry,173
2017-06-26-wuerzburg,SWC,2017,20,University of Wuerzburg,343
2017-06-27-LBL,DC,2017,7,Lawrence Berkeley National Laboratory,343
2017-06-28-cfmehu,SWC,2017,27,University of the Basque Country,343
2017-06-28-ecsu,SWC,2017,9,Elizabeth City State University,173
2017-06-28-otago,SWC,2017,30,University of Otago,131
2017-06-28-uwmadison-swc,SWC,2017,27,University of Wisconsin - Madison,343
2017-06-29-fsu,DC,2017,18,Florida State University,343
2017-07-03-ResBaz-Python,SWC,2017,,Intersect Australia,313
2017-07-03-ResBaz-R,SWC,2017,,Intersect Australia,313
2017-07-03-cab,DC,2017,25,Central African Biodiversity Alliance,343
2017-07-03-ngb-leeds,SWC,2017,18,University of Leeds,343
2017-07-03-sydney-resbaz-r-novice,SWC,2017,25,Macquarie University,313
2017-07-03-wuerzburg,SWC,2017,19,University of Wuerzburg,343
2017-07-05-uniarkansas,DC,2017,23,University of Arkansas,343
2017-07-10-auckland,SWC,2017,,University of Auckland,131
2017-07-10-ttt-online,"TTT,online",2017,21,Software Carpentry,173
2017-07-10-uqws,SWC,2017,31,University of Queensland,343
2017-07-11-uchicago,SWC,2017,14,University of Chicago,343
2017-07-12-LBNL,SWC,2017,8,Lawrence Berkeley National Laboratory,173
2017-07-12-ualberta-DC,DC,2017,13,University of Alberta,297
2017-07-13-jaxlab-instructor-training,"TTT,online",2017,7,Software Carpentry,173
2017-07-13-ttt-online,"TTT,online",2017,16,Software Carpentry,173
2017-07-15-UCSF-Python,SWC,2017,42,University of California San Francisco,343
2017-07-15-UCSF-R,SWC,2017,33,University of California San Francisco,343
2017-07-17-imperial,DC,2017,19,Imperial College London,278
2017-07-17-nsla-linc,LC,2017,25,LINC Tasmania,343
2017-07-19-Mauritius,SWC,2017,25,University of Mauritius,343
2017-07-19-imperial,SWC,2017,24,Imperial College London,278
2017-07-19-nsla-slq,LC,2017,8,State Library of Queensland,343
2017-07-20-caltech,DC,2017,19,California Institute of Technology,343
2017-07-21-LBNL,SWC,2017,29,Lawrence Berkeley National Laboratory,173
2017-07-24-chicago,SWC,2017,9,University of Chicago,343
2017-07-25-UCL_software_carpentry,SWC,2017,29,University College London,343
2017-07-25-tucson-ttt,TTT,2017,9,Software Carpentry,173
2017-07-26-LBNL,SWC,2017,7,Lawrence Berkeley National Laboratory,173
2017-07-26-Sheffield,DC,2017,20,University of Sheffield,278
2017-07-27-PNNL,SWC,2017,18,Pacific Northwest National Lab ,343
2017-07-27-hobart,SWC,2017,45,Data Science Hobart,417
2017-07-27-mcmaster,SWC,2017,30,McMaster University,297
2017-07-27-okstate,DC,2017,21,Oklahoma State University,343
2017-07-27-qcif,TTT,2017,23,Queensland Cyber Infrastructure Foundation,173
2017-07-31-noble-research,SWC,2017,26,Noble Research Institute,343
2017-07-31-nsla-slsa,LC,2017,32,State Library of South Australia,343
2017-07-31-ttt-online,"TTT,online",2017,27,Software Carpentry,173
2017-08-01-LBNL,DC,2017,8,Lawrence Berkeley National Laboratory,302
2017-08-01-Potch,"DC,unresponsive",2017,13,North-West University,343
2017-08-01-resbazp,SWC,2017,37,University of Queensland,343
2017-08-01-resbazr,SWC,2017,38,University of Queensland,343
2017-08-01-southampton-dc,DC,2017,46,University of Southampton,278
2017-08-01-southampton-swc,SWC,2017,25,University of Southampton,278
2017-08-01-stony-brook,SWC,2017,26,Stony Brook University,343
2017-08-02-canterbury,"SWC,unresponsive",2017,,University of Canterbury,131
2017-08-02-chicago-frb,SWC,2017,23,Federal Reserve Bank of Chicago,343
2017-08-03-creighton,SWC,2017,36,Creighton University,173
2017-08-03-frb_washingtondc,SWC,2017,19,Federal Reserve Board,173
2017-08-05-stanford,SWC,2017,16,Stanford University,173
2017-08-07-LBNL,DC,2017,18,Lawrence Berkeley National Laboratory,302
2017-08-07-jackson-ttt,"TTT,online",2017,34,Software Carpentry,173
2017-08-07-notredame,SWC,2017,24,University of Notre Dame,343
2017-08-07-nsla-slv,LC,2017,26,State Library of Victoria,343
2017-08-08-stsci,SWC,2017,20,Space Telescope Science Institute,343
2017-08-09-lc-tucson,LC,2017,,University of Arizona,343
2017-08-10-qbi,SWC,2017,9,University of Queensland,343
2017-08-14-Ethiopia,DC,2017,27,Ethiopian Research and Education Network,343
2017-08-14-UCB-ttt,TTT,2017,11,Berkeley Institute for Data Science,173
2017-08-14-UFII-DC,DC,2017,29,University of Florida,343
2017-08-14-UFII-SwC,SWC,2017,22,University of Florida,343
2017-08-14-delaware,SWC,2017,24,University of Delaware,173
2017-08-14-nsla-slnsw,LC,2017,40,State Library of NSW,343
2017-08-14-winona,SWC,2017,19,Winona State University,173
2017-08-16-pyconpl,DC,2017,1,PyCon,343
2017-08-16-sheffield,SWC,2017,28,University of Sheffield,278
2017-08-16-ttt-online,"TTT,online",2017,21,Software Carpentry,173
2017-08-16-wsu,SWC,2017,38,Washington State University,343
2017-08-17-Yosemite,DC,2017,20,University of California Merced,343
2017-08-17-oklahoma,SWC,2017,11,University of Oklahoma,343
2017-08-17-umswc-hg,SWC,2017,19,University of Michigan,343
2017-08-17-vumc,SWC,2017,40,Vanderbilt University,343
2017-08-18-Windhoek,SWC,2017,15,University of Namibia,343
2017-08-21-GriffithUni-R,SWC,2017,22,Griffith University,391
2017-08-21-aarhus,SWC,2017,,Aarhus University,343
2017-08-21-nsla-nla,LC,2017,16,National Library of Australia,343
2017-08-22-uwmadison-dc,DC,2017,,University of Wisconsin - Madison,343
2017-08-24-losalamos,SWC,2017,20,Los Alamos National Laboratory,173
2017-08-25-wvu,SWC,2017,32,West Virginia University,173
2017-08-26-Tucson,SWC,2017,71,University of Arizona,343
2017-08-28-nmsu,DC,2017,32,New Mexico State University,343
2017-08-28-nsla-slwa,LC,2017,29,State Library of Western Australia,343
2017-08-29-lcwa,LC,2017,18,University of Western Australia,343
2017-08-30-lbl-pyseclang,SWC,2017,22,Lawrence Berkeley National Laboratory,173
2017-08-30-uwmadison-swc,SWC,2017,23,University of Wisconsin - Madison,343
2017-08-31-MacquarieUniversity,SWC,2017,16,Macquarie University,
2017-08-31-ncsa,SWC,2017,23,"National Center for Supercomputing Applications, University of Illinois at Urbana–Champaign",343
2017-08-31-uri,DC,2017,32,University of Rhode Island,343
2017-09-04-ttt-manchester,TTT,2017,22,University of Manchester,173
2017-09-04-wuerzburg,SWC,2017,22,University of Wuerzburg,343
2017-09-08-ucla,LC,2017,29,University of California Los Angeles,343
2017-09-09-hlt-workshop,SWC,2017,16,University of Arizona,343
2017-09-09-utah_swc,SWC,2017,,Utah State University,173
2017-09-11-cambridge,DC,2017,38,University of Cambridge,278
2017-09-12-isu,SWC,2017,12,Iowa State University,343
2017-09-14-gent-cmet,SWC,2017,19,Univeristy of Ghent,343
2017-09-14-osucgrb,SWC,2017,22,Oregon State University,343
2017-09-14-padova,SWC,2017,,University of Padova,343
2017-09-18-SFU-python,SWC,2017,,Simon Fraser University,343
2017-09-18-TechUnivDenm,SWC,2017,,Technical University of Denmark,173
2017-09-18-stanford,SWC,2017,40,Stanford University,173
2017-09-19-LBNL,DC,2017,1,Lawrence Berkeley National Laboratory,302
2017-09-20-NASADEVELOP-PY,SWC,2017,5,NASA (National Aeronautics and Space Administration),173
2017-09-21-ttt-online,"TTT,online",2017,26,Software Carpentry,173
2017-09-21-ucr,SWC,2017,12,"University of California, Riverside",343
2017-09-21-uiuc,SWC,2017,25,University of Illinois,173
2017-09-23-chicago,SWC,2017,26,University of Chicago,343
2017-09-25-TTT-online,"TTT,online",2017,17,Software Carpentry,173
2017-09-25-UCL_software_carpentry,SWC,2017,14,University College London,278
2017-09-25-usq,SWC,2017,,University of Southern Queensland,343
2017-09-26-Exeter,SWC,2017,32,University of Exeter,278
2017-09-26-MacquarieUniversity,SWC,2017,16,Macquarie University,343
2017-09-26-oxford,DC,2017,13,University of Oxford,278
2017-09-26-ubc,SWC,2017,9,University of British Columbia,297
2017-09-27-LBNL,DC,2017,4,Lawrence Berkeley National Laboratory,302
2017-09-28-NIH-CMN,SWC,2017,20,National Institutes of Health,343
2017-09-28-curtin,TTT,2017,16,Curtin University,173
2017-09-28-nsbe,DC,2017,,National Society of Black Engineers,302
2017-09-29-DC_USU,DC,2017,14,Utah State University,302
2017-09-30-TDWG-Ottawa,DC,2017,18,University of Florida,302
2017-10-02-uw,SWC,2017,,University of Washington,173
2017-10-03-LLNL,SWC,2017,18,Lawrence Livermore National Labs,173
2017-10-03-NDIC,DC,2017,14,University of Colorado,343
2017-10-03-riverclub,SWC,2017,37,The River Club,173
2017-10-09-NWU-eResearch-ttt,TTT,2017,34,Software Carpentry,173
2017-10-09-aarhus,SWC,2017,24,Aarhus University,343
2017-10-10-norwich,SWC,2017,16,Earlham Institute,343
2017-10-10-ttt-doe,"TTT,online",2017,24,Software Carpentry,173
2017-10-12-london,SWC,2017,18,The Francis Crick Institute,343
2017-10-12-oxford-swc,SWC,2017,15,School of Anthropology and Museum Ethnography,278
2017-10-16-Glasgow,SWC,2017,20,University of Glasgow,278
2017-10-16-Monsanto-ttt,TTT,2017,6,Monsanto,173
2017-10-16-UNO,SWC,2017,8,University of Nebraska - Omaha,343
2017-10-16-YorkU,SWC,2017,,York University,343
2017-10-16-karolinska,SWC,2017,12,Karolinska Institutet,173
2017-10-16-ucla,SWC,2017,10,University of California Los Angeles,343
2017-10-16-umswc,SWC,2017,18,University of Michigan,343
2017-10-16-upenn-ibi,SWC,2017,26,University of Pennsylvania,173
2017-10-17-bu,SWC,2017,17,Boston University,173
2017-10-17-heidelberg,SWC,2017,25,European Molecular Biology Laboratory,343
2017-10-18-SACNAS,DC,2017,,Society for the Advancement of Chicanos/Hispanics and Native Americans in Science (SACNAS),302
2017-10-19-UIC,SWC,2017,21,University of Illinois at Chicago,173
2017-10-19-UniversityBotswana,SWC,2017,22,University of Botswana,343
2017-10-19-otago,SWC,2017,11,University of Otago,131
2017-10-19-ucsf-ttt,"TTT,online",2017,5,Software Carpentry,173
2017-10-23-ufs,SWC,2017,19,University of the Free State,343
2017-10-24-ARC-16S,DC,2017,23,North-West University,343
2017-10-24-ttt-online,"TTT,online",2017,19,Software Carpentry,173
2017-10-24-ttt-online-USA,"TTT,online",2017,23,Software Carpentry,173
2017-10-25-ift,SWC,2017,18,Institute for Theoretical Physics UAM-CSIC,173
2017-10-26-merced,DC,2017,24,University of California Merced,302
2017-10-26-york-university,SWC,2017,20,York University,297
2017-10-27-Moorhead,SWC,2017,15,Minnesota State Colleges and Universities,173
2017-10-27-RUCamden,SWC,2017,10,Rutgers University,173
2017-10-27-ttt-UND,TTT,2017,5,Software Carpentry,173
2017-10-28-conestoga,SWC,2017,,Conestoga College,297
2017-10-30-Ethiopia,DC,2017,25,Ethiopian Research and Education Network,343
2017-10-30-TTT-online,"TTT,online",2017,12,Software Carpentry,173
2017-10-30-harvard,SWC,2017,21,Harvard University,173
2017-10-30-iDigBio-Summit-UFII,DC,2017,16,University of Florida,302
2017-10-30-icahn,SWC,2017,26,Icahn School of Medicine at Mount Sinai,173
2017-10-30-imperial-ttt,TTT,2017,18,Software Carpentry,173
2017-10-31-UCL_software_carpentry,SWC,2017,30,University College London,278
2017-10-31-qut,SWC,2017,34,Queensland University of Technology,343
2017-10-31-ulaval,SWC,2017,21,University of Laval,297
2017-11-01-NWU-Mafikeng,DC,2017,24,North-West University,343
2017-11-02-TTT-online,"TTT,online",2017,25,Software Carpentry,173
2017-11-02-nist,SWC,2017,15,National Institute of Standards and Technology,343
2017-11-03-gwu-R,SWC,2017,15,George Washington University,173
2017-11-05-AAU,DC,2017,46,Addis Ababa University,525
2017-11-06-SUN-DC,DC,2017,24,Stellenbosch University,343
2017-11-06-lugano,DC,2017,21,University of Zurich,343
2017-11-06-manchester,SWC,2017,15,University of Manchester,278
2017-11-06-ttt-Utrecht,TTT,2017,16,Uniersity of Utrecht,173
2017-11-06-umontreal,SWC,2017,19,Universite de Montreal,297
2017-11-07-curtin,SWC,2017,,Curtin University,343
2017-11-07-mcgill,SWC,2017,17,McGill University,297
2017-11-07-mizzou,SWC,2017,15,University of Missouri,173
2017-11-08-lugano,DC,2017,9,University of Zurich,343
2017-11-08-southampton-swc,SWC,2017,17,SSI Software Sustainability Institute,278
2017-11-09-sfn,SWC,2017,26,Society for Neuroscience,173
2017-11-09-uclhep,SWC,2017,14,University College London,278
2017-11-11-UTA,SWC,2017,12,University of Texas Arlington,343
2017-11-13-ethiopia,SWC,2017,27,Addis Ababa University,343
2017-11-14-ttt-online,"TTT,online",2017,12,Software Carpentry,173
2017-11-15-ttt-stanford,TTT,2017,14,Software Carpentry,173
2017-11-15-ualberta,DC,2017,10,University of Alberta,297
2017-11-17-tufts,SWC,2017,14,Tufts University,343
2017-11-20-ou,SWC,2017,20,University of Oklahoma,343
2017-11-21-EI,DC,2017,15,Earlham Institute,343
2017-11-23-GriffithUni-Python,SWC,2017,24,Griffith University,391
2017-11-24-auckland,LC,2017,,University of Auckland,343
2017-11-27-USyd-Python,SWC,2017,12,University of Sydney,183
2017-11-30-MBARI,SWC,2017,44,Monterey Bay Aquarium Research Institute,343
2017-11-30-NWU-IT,SWC,2017,16,North-West University,343
2017-11-30-minnesota,SWC,2017,18,University of Minnesota,173
2017-11-30-queensu,SWC,2017,25,Queen's University,297
2017-12-01-gwu-Python,SWC,2017,15,George Washington University,173
2017-12-02-UCSF-Python,SWC,2017,24,University of California San Francisco,173
2017-12-02-UCSF-R,SWC,2017,34,University of California San Francisco,173
2017-12-02-mun,SWC,2017,33,Memorial University,343
2017-12-04-standrews,SWC,2017,17,University of St. Andrews,278
2017-12-04-ttt,"TTT,online",2017,8,Software Carpentry,173
2017-12-05-rutgers,DC,2017,34,Rutgers University,302
2017-12-05-ttt-southampton,TTT,2017,18,Software Carpentry,173
2017-12-07-Monsanto,SWC,2017,,Monsanto,343
2017-12-11-Imperial,SWC,2017,26,Imperial College London,343
2017-12-12-MQU-R,SWC,2017,34,Macquarie University,121
2017-12-12-acadia,SWC,2017,23,Acadia University,343
2017-12-12-ttt-online,"TTT,online",2017,16,Software Carpentry,173
2017-12-13-amsterdam,DC,2017,11,University of Amsterdam,302
2017-12-14-MAN-SS-PILOT01,DC,2017,,University of Manchester,343
2017-12-14-UCL_software_carpentry,SWC,2017,,University College London,343
2017-12-14-mcmaster,DC,2017,27,McMaster University,297
2017-12-14-ttt-uiuc,TTT,2017,10,Software Carpentry,173
2017-12-14-ucr,LC,2017,9,"University of California, Riverside",343
2017-12-18-PNNL,SWC,2017,,Pacific Northwest National Lab ,343
2017-12-18-grand-valley,DC,2017,19,Grand Valley State University,302
2017-12-18-knoxville,SWC,2017,31,University of Tennessee Knoxville,343
2017-12-18-osu,SWC,2017,,Oklahoma State University,343
2017-12-18-umich,SWC,2017,15,University of Michigan,343
2017-12-20-normandale,SWC,2017,19,Winona State University,173
datacarpentry_2015-11-23_VLSCI,DC,2015,18,VLSCI,343
